Unnamed: 0,orig.ident,nCount_RNA,nFeature_RNA,sample,nCount_SCT,nFeature_SCT,integrated_snn_res.0.5,seurat_clusters,CellType,Cluster_CellType,customclassif,cell_names
TTTCGAGTATAT_1,SeuratProject,23050,4027,GSM6886536_Sigmoid_03N,1439,513,8,8,IgA+ Plasma cells,IgA+ Plasma cells_8,,TTTCGAGTATAT_1
AACGCCAATTGC_1,SeuratProject,16162,2641,GSM6886536_Sigmoid_03N,1422,386,27,27,IgA+ Plasma cells,IgA+ Plasma cells_27,,AACGCCAATTGC_1
CTCCACTATATG_1,SeuratProject,13582,1938,GSM6886536_Sigmoid_03N,1512,345,8,8,IgA+ Plasma cells,IgA+ Plasma cells_8,,CTCCACTATATG_1
GGCATATTACCA_1,SeuratProject,13167,1493,GSM6886536_Sigmoid_03N,1642,183,8,8,IgA+ Plasma cells,IgA+ Plasma cells_8,,GGCATATTACCA_1
CCTCCCTCATGA_1,SeuratProject,10838,1534,GSM6886536_Sigmoid_03N,1562,289,8,8,IgA+ Plasma cells,IgA+ Plasma cells_8,,CCTCCCTCATGA_1
TTATGGACCTAC_1,SeuratProject,11010,1926,GSM6886536_Sigmoid_03N,1517,407,8,8,IgA+ Plasma cells,IgA+ Plasma cells_8,,TTATGGACCTAC_1
TATAGGGTAACA_1,SeuratProject,12195,1531,GSM6886536_Sigmoid_03N,1635,262,8,8,IgA+ Plasma cells,IgA+ Plasma cells_8,,TATAGGGTAACA_1
ATTTCTCACCCC_1,SeuratProject,12528,1607,GSM6886536_Sigmoid_03N,1480,233,8,8,IgA+ Plasma cells,IgA+ Plasma cells_8,,ATTTCTCACCCC_1
GTTTGCGGATGA_1,SeuratProject,10752,1365,GSM6886536_Sigmoid_03N,1599,273,8,8,IgA+ Plasma cells,IgA+ Plasma cells_8,,GTTTGCGGATGA_1
GTATTCCGGGGA_1,SeuratProject,12915,2480,GSM6886536_Sigmoid_03N,1490,464,8,8,IgA+ Plasma cells,IgA+ Plasma cells_8,,GTATTCCGGGGA_1
CATTTACAGAGA_1,SeuratProject,13447,1979,GSM6886536_Sigmoid_03N,1510,333,8,8,IgA+ Plasma cells,IgA+ Plasma cells_8,,CATTTACAGAGA_1
TTACATGGATTA_1,SeuratProject,12439,1548,GSM6886536_Sigmoid_03N,1623,279,8,8,IgA+ Plasma cells,IgA+ Plasma cells_8,,TTACATGGATTA_1
ATCGCAGGCGTA_1,SeuratProject,10609,1858,GSM6886536_Sigmoid_03N,1556,443,8,8,IgA+ Plasma cells,IgA+ Plasma cells_8,,ATCGCAGGCGTA_1
ATCTCGCCGCAA_1,SeuratProject,11613,1688,GSM6886536_Sigmoid_03N,1484,309,8,8,IgA+ Plasma cells,IgA+ Plasma cells_8,,ATCTCGCCGCAA_1
TCGTGCGCCTAT_1,SeuratProject,10633,1477,GSM6886536_Sigmoid_03N,1581,321,8,8,IgA+ Plasma cells,IgA+ Plasma cells_8,,TCGTGCGCCTAT_1
GCCCCTGGAACC_1,SeuratProject,10047,1211,GSM6886536_Sigmoid_03N,1623,234,8,8,IgA+ Plasma cells,IgA+ Plasma cells_8,,GCCCCTGGAACC_1
GTGTGGCTCCAC_1,SeuratProject,9008,1423,GSM6886536_Sigmoid_03N,1591,381,8,8,IgA+ Plasma cells,IgA+ Plasma cells_8,,GTGTGGCTCCAC_1
GAAATTGGTCGG_1,SeuratProject,10113,1381,GSM6886536_Sigmoid_03N,1517,290,8,8,IgA+ Plasma cells,IgA+ Plasma cells_8,,GAAATTGGTCGG_1
ACTTAGTAAGCC_1,SeuratProject,11473,1616,GSM6886536_Sigmoid_03N,1510,316,8,8,IgA+ Plasma cells,IgA+ Plasma cells_8,,ACTTAGTAAGCC_1
CTAATAGGACTA_1,SeuratProject,11218,1847,GSM6886536_Sigmoid_03N,1477,346,8,8,IgA+ Plasma cells,IgA+ Plasma cells_8,,CTAATAGGACTA_1
GTTTGATAGCGA_1,SeuratProject,9408,1477,GSM6886536_Sigmoid_03N,1539,335,8,8,IgA+ Plasma cells,IgA+ Plasma cells_8,,GTTTGATAGCGA_1
GGCCTAGTAGGA_1,SeuratProject,7965,1570,GSM6886536_Sigmoid_03N,1602,427,8,8,IgA+ Plasma cells,IgA+ Plasma cells_8,,GGCCTAGTAGGA_1
GATACCAGACCA_1,SeuratProject,9273,1284,GSM6886536_Sigmoid_03N,1561,303,8,8,IgA+ Plasma cells,IgA+ Plasma cells_8,,GATACCAGACCA_1
TACGCCTTCCTC_1,SeuratProject,9606,1334,GSM6886536_Sigmoid_03N,1531,298,8,8,IgA+ Plasma cells,IgA+ Plasma cells_8,,TACGCCTTCCTC_1
GGAGGGGACGGG_1,SeuratProject,9060,1600,GSM6886536_Sigmoid_03N,1536,351,8,8,IgA+ Plasma cells,IgA+ Plasma cells_8,,GGAGGGGACGGG_1
CCCTGATTGTCA_1,SeuratProject,9199,1500,GSM6886536_Sigmoid_03N,1583,438,8,8,IgA+ Plasma cells,IgA+ Plasma cells_8,,CCCTGATTGTCA_1
TCGGGTTCGGCA_1,SeuratProject,9005,1561,GSM6886536_Sigmoid_03N,1574,426,8,8,IgA+ Plasma cells,IgA+ Plasma cells_8,,TCGGGTTCGGCA_1
GGTAGACACCTA_1,SeuratProject,9110,1464,GSM6886536_Sigmoid_03N,1629,375,8,8,IgA+ Plasma cells,IgA+ Plasma cells_8,,GGTAGACACCTA_1
CACTCTACGACG_1,SeuratProject,8896,1204,GSM6886536_Sigmoid_03N,1569,304,8,8,IgA+ Plasma cells,IgA+ Plasma cells_8,,CACTCTACGACG_1
AACGGCGTGTTC_1,SeuratProject,8947,1426,GSM6886536_Sigmoid_03N,1605,377,8,8,IgA+ Plasma cells,IgA+ Plasma cells_8,,AACGGCGTGTTC_1
TTTGACTCTCCT_1,SeuratProject,8792,1508,GSM6886536_Sigmoid_03N,1560,421,8,8,IgA+ Plasma cells,IgA+ Plasma cells_8,,TTTGACTCTCCT_1
CGCACACGCTGT_1,SeuratProject,8162,1194,GSM6886536_Sigmoid_03N,1633,390,8,8,IgA+ Plasma cells,IgA+ Plasma cells_8,,CGCACACGCTGT_1
CAACTCGGGTCT_1,SeuratProject,9189,1775,GSM6886536_Sigmoid_03N,1602,468,8,8,IgA+ Plasma cells,IgA+ Plasma cells_8,,CAACTCGGGTCT_1
CAAGCTTTCATT_1,SeuratProject,8728,1122,GSM6886536_Sigmoid_03N,1606,247,8,8,IgA+ Plasma cells,IgA+ Plasma cells_8,,CAAGCTTTCATT_1
TTTCGCTTATCG_1,SeuratProject,8794,2064,GSM6886536_Sigmoid_03N,1490,539,8,8,IgA+ Plasma cells,IgA+ Plasma cells_8,,TTTCGCTTATCG_1
GCCTGCCGCCGT_1,SeuratProject,8927,1046,GSM6886536_Sigmoid_03N,1615,232,8,8,IgA+ Plasma cells,IgA+ Plasma cells_8,,GCCTGCCGCCGT_1
CCGTACCACATC_1,SeuratProject,8959,1605,GSM6886536_Sigmoid_03N,1505,380,8,8,IgA+ Plasma cells,IgA+ Plasma cells_8,,CCGTACCACATC_1
CCCTTTCAAGTA_1,SeuratProject,8455,1369,GSM6886536_Sigmoid_03N,1582,402,8,8,IgA+ Plasma cells,IgA+ Plasma cells_8,,CCCTTTCAAGTA_1
CTCCTTTGCCAT_1,SeuratProject,7339,1471,GSM6886536_Sigmoid_03N,1667,484,8,8,IgA+ Plasma cells,IgA+ Plasma cells_8,,CTCCTTTGCCAT_1
TTCCAGAGGTTG_1,SeuratProject,8280,1439,GSM6886536_Sigmoid_03N,1610,400,8,8,IgA+ Plasma cells,IgA+ Plasma cells_8,,TTCCAGAGGTTG_1
ATTCCTGTATGG_1,SeuratProject,7595,1221,GSM6886536_Sigmoid_03N,1606,320,27,27,IgA+ Plasma cells,IgA+ Plasma cells_27,,ATTCCTGTATGG_1
CTCTTGCCAATG_1,SeuratProject,9170,1803,GSM6886536_Sigmoid_03N,1569,533,8,8,IgA+ Plasma cells,IgA+ Plasma cells_8,,CTCTTGCCAATG_1
CGCGCGTCCTGA_1,SeuratProject,8149,1304,GSM6886536_Sigmoid_03N,1559,359,8,8,IgA+ Plasma cells,IgA+ Plasma cells_8,,CGCGCGTCCTGA_1
ACAACTTTGCCA_1,SeuratProject,8355,1399,GSM6886536_Sigmoid_03N,1657,420,8,8,IgA+ Plasma cells,IgA+ Plasma cells_8,,ACAACTTTGCCA_1
TCAAGTGTTTTT_1,SeuratProject,6867,1234,GSM6886536_Sigmoid_03N,1543,386,8,8,IgA+ Plasma cells,IgA+ Plasma cells_8,,TCAAGTGTTTTT_1
CCTCAGCTGAGG_1,SeuratProject,7711,1367,GSM6886536_Sigmoid_03N,1530,384,8,8,IgA+ Plasma cells,IgA+ Plasma cells_8,,CCTCAGCTGAGG_1
GTCATTCACCAG_1,SeuratProject,7583,1423,GSM6886536_Sigmoid_03N,1549,429,8,8,IgA+ Plasma cells,IgA+ Plasma cells_8,,GTCATTCACCAG_1
CGATTCTATTCA_1,SeuratProject,6964,1282,GSM6886536_Sigmoid_03N,1570,441,8,8,IgA+ Plasma cells,IgA+ Plasma cells_8,,CGATTCTATTCA_1
CTGATTGTTTAT_1,SeuratProject,6469,1145,GSM6886536_Sigmoid_03N,1532,364,8,8,IgA+ Plasma cells,IgA+ Plasma cells_8,,CTGATTGTTTAT_1
ATTATGTGTGGT_1,SeuratProject,7057,1414,GSM6886536_Sigmoid_03N,1572,479,27,27,IgA+ Plasma cells,IgA+ Plasma cells_27,,ATTATGTGTGGT_1
AGGGGTTATCGA_1,SeuratProject,7387,1148,GSM6886536_Sigmoid_03N,1555,356,8,8,IgA+ Plasma cells,IgA+ Plasma cells_8,,AGGGGTTATCGA_1
GCAAAGCAAAAA_1,SeuratProject,6401,1056,GSM6886536_Sigmoid_03N,1582,340,8,8,IgA+ Plasma cells,IgA+ Plasma cells_8,,GCAAAGCAAAAA_1
AATGCACTCACC_1,SeuratProject,7210,1348,GSM6886536_Sigmoid_03N,1555,394,8,8,IgA+ Plasma cells,IgA+ Plasma cells_8,,AATGCACTCACC_1
TGTAGGGGTCTG_1,SeuratProject,6491,1123,GSM6886536_Sigmoid_03N,1529,341,8,8,IgA+ Plasma cells,IgA+ Plasma cells_8,,TGTAGGGGTCTG_1
GAACGGCTAGAT_1,SeuratProject,6947,1381,GSM6886536_Sigmoid_03N,1602,517,8,8,IgA+ Plasma cells,IgA+ Plasma cells_8,,GAACGGCTAGAT_1
GCTGAACTCAAG_1,SeuratProject,5982,1008,GSM6886536_Sigmoid_03N,1572,337,8,8,IgA+ Plasma cells,IgA+ Plasma cells_8,,GCTGAACTCAAG_1
CACCCCCGTCTT_1,SeuratProject,7241,1048,GSM6886536_Sigmoid_03N,1531,255,8,8,IgA+ Plasma cells,IgA+ Plasma cells_8,,CACCCCCGTCTT_1
CACAAGCGTCAG_1,SeuratProject,6828,1397,GSM6886536_Sigmoid_03N,1527,452,8,8,IgA+ Plasma cells,IgA+ Plasma cells_8,,CACAAGCGTCAG_1
GTCCGTTTACCG_1,SeuratProject,7333,1157,GSM6886536_Sigmoid_03N,1553,362,8,8,IgA+ Plasma cells,IgA+ Plasma cells_8,,GTCCGTTTACCG_1
ACAATCAACCAA_1,SeuratProject,6822,1153,GSM6886536_Sigmoid_03N,1511,330,8,8,IgA+ Plasma cells,IgA+ Plasma cells_8,,ACAATCAACCAA_1
AGGTCGGATCAC_1,SeuratProject,6648,1123,GSM6886536_Sigmoid_03N,1583,333,8,8,IgA+ Plasma cells,IgA+ Plasma cells_8,,AGGTCGGATCAC_1
ACGTGCCTATAG_1,SeuratProject,6744,1132,GSM6886536_Sigmoid_03N,1512,317,8,8,IgA+ Plasma cells,IgA+ Plasma cells_8,,ACGTGCCTATAG_1
GGGAATAGCGAT_1,SeuratProject,6571,1074,GSM6886536_Sigmoid_03N,1523,326,8,8,IgA+ Plasma cells,IgA+ Plasma cells_8,,GGGAATAGCGAT_1
ATTGGCCACTTA_1,SeuratProject,7602,1419,GSM6886536_Sigmoid_03N,1519,362,8,8,IgA+ Plasma cells,IgA+ Plasma cells_8,,ATTGGCCACTTA_1
AGCCGACCCGGG_1,SeuratProject,5676,873,GSM6886536_Sigmoid_03N,1594,342,8,8,IgA+ Plasma cells,IgA+ Plasma cells_8,,AGCCGACCCGGG_1
TGTAGGACGCCT_1,SeuratProject,7266,969,GSM6886536_Sigmoid_03N,1565,321,8,8,IgA+ Plasma cells,IgA+ Plasma cells_8,,TGTAGGACGCCT_1
CCCGAACGCTAT_1,SeuratProject,6634,991,GSM6886536_Sigmoid_03N,1572,292,8,8,IgA+ Plasma cells,IgA+ Plasma cells_8,,CCCGAACGCTAT_1
TGCCCCCCCTCT_1,SeuratProject,6782,1256,GSM6886536_Sigmoid_03N,1590,451,8,8,IgA+ Plasma cells,IgA+ Plasma cells_8,,TGCCCCCCCTCT_1
TTCGCCTTGGTG_1,SeuratProject,7242,1362,GSM6886536_Sigmoid_03N,1549,452,8,8,IgA+ Plasma cells,IgA+ Plasma cells_8,,TTCGCCTTGGTG_1
AGTCACCAACTG_1,SeuratProject,6620,1176,GSM6886536_Sigmoid_03N,1555,373,8,8,IgA+ Plasma cells,IgA+ Plasma cells_8,,AGTCACCAACTG_1
GTATGAGCTTCC_1,SeuratProject,5865,910,GSM6886536_Sigmoid_03N,1573,295,8,8,IgA+ Plasma cells,IgA+ Plasma cells_8,,GTATGAGCTTCC_1
CCAGTAATATTC_1,SeuratProject,6006,729,GSM6886536_Sigmoid_03N,1600,187,8,8,IgA+ Plasma cells,IgA+ Plasma cells_8,,CCAGTAATATTC_1
TGGCATTTCCGC_1,SeuratProject,6499,1439,GSM6886536_Sigmoid_03N,1525,466,8,8,IgA+ Plasma cells,IgA+ Plasma cells_8,,TGGCATTTCCGC_1
AGAGTTCAAAGA_1,SeuratProject,7031,1691,GSM6886536_Sigmoid_03N,1557,548,8,8,IgA+ Plasma cells,IgA+ Plasma cells_8,,AGAGTTCAAAGA_1
GAGCGTACACCA_1,SeuratProject,6463,896,GSM6886536_Sigmoid_03N,1554,279,8,8,IgA+ Plasma cells,IgA+ Plasma cells_8,,GAGCGTACACCA_1
ATGGAAACACCA_1,SeuratProject,5896,1293,GSM6886536_Sigmoid_03N,1528,470,8,8,IgA+ Plasma cells,IgA+ Plasma cells_8,,ATGGAAACACCA_1
AACAGCGTACCA_1,SeuratProject,5193,928,GSM6886536_Sigmoid_03N,1503,307,8,8,IgA+ Plasma cells,IgA+ Plasma cells_8,,AACAGCGTACCA_1
TGACCGTGCGGA_1,SeuratProject,5678,805,GSM6886536_Sigmoid_03N,1579,260,8,8,IgA+ Plasma cells,IgA+ Plasma cells_8,,TGACCGTGCGGA_1
CCCGGTAGCGCC_1,SeuratProject,5963,971,GSM6886536_Sigmoid_03N,1591,368,8,8,IgA+ Plasma cells,IgA+ Plasma cells_8,,CCCGGTAGCGCC_1
CCCCTTTATATT_1,SeuratProject,6184,1141,GSM6886536_Sigmoid_03N,1503,349,8,8,IgA+ Plasma cells,IgA+ Plasma cells_8,,CCCCTTTATATT_1
CTTTATGGTGGC_1,SeuratProject,5062,1071,GSM6886536_Sigmoid_03N,1464,323,8,8,IgA+ Plasma cells,IgA+ Plasma cells_8,,CTTTATGGTGGC_1
GACTAATGCTAC_1,SeuratProject,6211,1133,GSM6886536_Sigmoid_03N,1511,333,8,8,IgA+ Plasma cells,IgA+ Plasma cells_8,,GACTAATGCTAC_1
CGTTTCCGTTTT_1,SeuratProject,5685,1265,GSM6886536_Sigmoid_03N,1501,429,8,8,IgA+ Plasma cells,IgA+ Plasma cells_8,,CGTTTCCGTTTT_1
CTGCAATATTCG_1,SeuratProject,6003,887,GSM6886536_Sigmoid_03N,1551,299,8,8,IgA+ Plasma cells,IgA+ Plasma cells_8,,CTGCAATATTCG_1
GAAGCCGGGTTC_1,SeuratProject,5132,1126,GSM6886536_Sigmoid_03N,1493,410,8,8,IgA+ Plasma cells,IgA+ Plasma cells_8,,GAAGCCGGGTTC_1
TTGAGCCACGCC_1,SeuratProject,6135,1086,GSM6886536_Sigmoid_03N,1598,402,8,8,IgA+ Plasma cells,IgA+ Plasma cells_8,,TTGAGCCACGCC_1
CATCGATCCTGA_1,SeuratProject,5787,890,GSM6886536_Sigmoid_03N,1520,254,8,8,IgA+ Plasma cells,IgA+ Plasma cells_8,,CATCGATCCTGA_1
GCGTCTAACAGT_1,SeuratProject,6645,1673,GSM6886536_Sigmoid_03N,1578,622,8,8,IgA+ Plasma cells,IgA+ Plasma cells_8,,GCGTCTAACAGT_1
AGATTGGCTACG_1,SeuratProject,5792,1613,GSM6886536_Sigmoid_03N,1513,613,8,8,IgA+ Plasma cells,IgA+ Plasma cells_8,,AGATTGGCTACG_1
AGGCCTTACAAT_1,SeuratProject,5845,924,GSM6886536_Sigmoid_03N,1515,289,8,8,IgA+ Plasma cells,IgA+ Plasma cells_8,,AGGCCTTACAAT_1
CCCTAAATATAT_1,SeuratProject,5437,1091,GSM6886536_Sigmoid_03N,1501,370,8,8,IgA+ Plasma cells,IgA+ Plasma cells_8,,CCCTAAATATAT_1
GATATCCGTGGG_1,SeuratProject,4865,1223,GSM6886536_Sigmoid_03N,1433,409,8,8,IgA+ Plasma cells,IgA+ Plasma cells_8,,GATATCCGTGGG_1
CAAGTCGACTCA_1,SeuratProject,6007,1218,GSM6886536_Sigmoid_03N,1556,430,8,8,IgA+ Plasma cells,IgA+ Plasma cells_8,,CAAGTCGACTCA_1
TTATCAAGAATA_1,SeuratProject,4953,1057,GSM6886536_Sigmoid_03N,1466,364,8,8,IgA+ Plasma cells,IgA+ Plasma cells_8,,TTATCAAGAATA_1
TACACATAGCTG_1,SeuratProject,5946,1425,GSM6886536_Sigmoid_03N,1486,499,8,8,IgA+ Plasma cells,IgA+ Plasma cells_8,,TACACATAGCTG_1
TCGAAGTTGAGC_1,SeuratProject,5815,940,GSM6886536_Sigmoid_03N,1578,275,8,8,IgA+ Plasma cells,IgA+ Plasma cells_8,,TCGAAGTTGAGC_1
CCAGAATGCTAG_1,SeuratProject,5580,1178,GSM6886536_Sigmoid_03N,1489,359,8,8,IgA+ Plasma cells,IgA+ Plasma cells_8,,CCAGAATGCTAG_1
GGTGCGTTTATG_1,SeuratProject,5307,969,GSM6886536_Sigmoid_03N,1503,324,8,8,IgA+ Plasma cells,IgA+ Plasma cells_8,,GGTGCGTTTATG_1
AAGCTCCTTTCA_1,SeuratProject,5519,1096,GSM6886536_Sigmoid_03N,1513,381,8,8,IgA+ Plasma cells,IgA+ Plasma cells_8,,AAGCTCCTTTCA_1
CTGACCGGAATT_1,SeuratProject,5729,960,GSM6886536_Sigmoid_03N,1504,292,8,8,IgA+ Plasma cells,IgA+ Plasma cells_8,,CTGACCGGAATT_1
CCCAGATTTAGC_1,SeuratProject,4910,1003,GSM6886536_Sigmoid_03N,1499,367,8,8,IgA+ Plasma cells,IgA+ Plasma cells_8,,CCCAGATTTAGC_1
GCCAATACCCTC_1,SeuratProject,5492,813,GSM6886536_Sigmoid_03N,1564,224,8,8,IgA+ Plasma cells,IgA+ Plasma cells_8,,GCCAATACCCTC_1
GGCCCTTAACAC_1,SeuratProject,4346,840,GSM6886536_Sigmoid_03N,1641,420,8,8,IgA+ Plasma cells,IgA+ Plasma cells_8,,GGCCCTTAACAC_1
GAGAAGCCTCCA_1,SeuratProject,5525,973,GSM6886536_Sigmoid_03N,1544,355,8,8,IgA+ Plasma cells,IgA+ Plasma cells_8,,GAGAAGCCTCCA_1
TGACCGCGAGCC_1,SeuratProject,4892,1012,GSM6886536_Sigmoid_03N,1546,416,8,8,IgA+ Plasma cells,IgA+ Plasma cells_8,,TGACCGCGAGCC_1
AGGCCTCGAGAC_1,SeuratProject,4543,1038,GSM6886536_Sigmoid_03N,1509,424,8,8,IgA+ Plasma cells,IgA+ Plasma cells_8,,AGGCCTCGAGAC_1
AGCCAAATGCCC_1,SeuratProject,4721,1066,GSM6886536_Sigmoid_03N,1463,377,8,8,IgA+ Plasma cells,IgA+ Plasma cells_8,,AGCCAAATGCCC_1
GGTCCATCGACC_1,SeuratProject,5466,943,GSM6886536_Sigmoid_03N,1542,331,8,8,IgA+ Plasma cells,IgA+ Plasma cells_8,,GGTCCATCGACC_1
AGTAGACGCAGT_1,SeuratProject,5080,873,GSM6886536_Sigmoid_03N,1501,303,8,8,IgA+ Plasma cells,IgA+ Plasma cells_8,,AGTAGACGCAGT_1
CTCGACAAAGGG_1,SeuratProject,4961,874,GSM6886536_Sigmoid_03N,1492,294,8,8,IgA+ Plasma cells,IgA+ Plasma cells_8,,CTCGACAAAGGG_1
CATTGCAGATCG_1,SeuratProject,4271,835,GSM6886536_Sigmoid_03N,1637,416,8,8,IgA+ Plasma cells,IgA+ Plasma cells_8,,CATTGCAGATCG_1
TCTAAGATTGAT_1,SeuratProject,4898,1051,GSM6886536_Sigmoid_03N,1484,364,8,8,IgA+ Plasma cells,IgA+ Plasma cells_8,,TCTAAGATTGAT_1
CTCGGTCAGAGT_1,SeuratProject,4530,799,GSM6886536_Sigmoid_03N,1506,275,8,8,IgA+ Plasma cells,IgA+ Plasma cells_8,,CTCGGTCAGAGT_1
CTTGTAGTGTTG_1,SeuratProject,4742,1010,GSM6886536_Sigmoid_03N,1522,358,8,8,IgA+ Plasma cells,IgA+ Plasma cells_8,,CTTGTAGTGTTG_1
CCATTCCGGTCG_1,SeuratProject,5032,1307,GSM6886536_Sigmoid_03N,1507,488,8,8,IgA+ Plasma cells,IgA+ Plasma cells_8,,CCATTCCGGTCG_1
TGGATCTAATGC_1,SeuratProject,4829,1046,GSM6886536_Sigmoid_03N,1516,368,8,8,IgA+ Plasma cells,IgA+ Plasma cells_8,,TGGATCTAATGC_1
CTTCTATGACTG_1,SeuratProject,4736,913,GSM6886536_Sigmoid_03N,1512,304,8,8,IgA+ Plasma cells,IgA+ Plasma cells_8,,CTTCTATGACTG_1
GCTACATACGAG_1,SeuratProject,4247,724,GSM6886536_Sigmoid_03N,1662,355,8,8,IgA+ Plasma cells,IgA+ Plasma cells_8,,GCTACATACGAG_1
CTTAACTGCTCA_1,SeuratProject,5083,895,GSM6886536_Sigmoid_03N,1534,302,8,8,IgA+ Plasma cells,IgA+ Plasma cells_8,,CTTAACTGCTCA_1
ATTACAGCAAGA_1,SeuratProject,4768,993,GSM6886536_Sigmoid_03N,1459,325,8,8,IgA+ Plasma cells,IgA+ Plasma cells_8,,ATTACAGCAAGA_1
AGTTAAAGCACG_1,SeuratProject,3972,968,GSM6886536_Sigmoid_03N,1764,642,8,8,IgA+ Plasma cells,IgA+ Plasma cells_8,,AGTTAAAGCACG_1
CAAAGGTCAGGA_1,SeuratProject,4361,711,GSM6886536_Sigmoid_03N,1580,333,8,8,IgA+ Plasma cells,IgA+ Plasma cells_8,,CAAAGGTCAGGA_1
TCCTCAAAACAT_1,SeuratProject,4963,685,GSM6886536_Sigmoid_03N,1635,228,8,8,IgA+ Plasma cells,IgA+ Plasma cells_8,,TCCTCAAAACAT_1
GATACTACGCCG_1,SeuratProject,4778,766,GSM6886536_Sigmoid_03N,1555,253,8,8,IgA+ Plasma cells,IgA+ Plasma cells_8,,GATACTACGCCG_1
TTGGCGCCCGCT_1,SeuratProject,4609,608,GSM6886536_Sigmoid_03N,1745,237,8,8,IgA+ Plasma cells,IgA+ Plasma cells_8,,TTGGCGCCCGCT_1
TCAGTGACCGGA_1,SeuratProject,5069,1001,GSM6886536_Sigmoid_03N,1541,371,8,8,IgA+ Plasma cells,IgA+ Plasma cells_8,,TCAGTGACCGGA_1
AGAACGGAGAGT_1,SeuratProject,4390,656,GSM6886536_Sigmoid_03N,1578,294,8,8,IgA+ Plasma cells,IgA+ Plasma cells_8,,AGAACGGAGAGT_1
TCGAATGCCTTG_1,SeuratProject,4653,659,GSM6886536_Sigmoid_03N,1502,202,8,8,IgA+ Plasma cells,IgA+ Plasma cells_8,,TCGAATGCCTTG_1
ATCGGGAACGAG_1,SeuratProject,4438,1096,GSM6886536_Sigmoid_03N,1609,545,8,8,IgA+ Plasma cells,IgA+ Plasma cells_8,,ATCGGGAACGAG_1
CCTCCCCCAAAG_1,SeuratProject,4420,760,GSM6886536_Sigmoid_03N,1590,358,8,8,IgA+ Plasma cells,IgA+ Plasma cells_8,,CCTCCCCCAAAG_1
GCACAAGTGTGT_1,SeuratProject,3991,764,GSM6886536_Sigmoid_03N,1669,486,8,8,IgA+ Plasma cells,IgA+ Plasma cells_8,,GCACAAGTGTGT_1
ATCATGATCCCT_1,SeuratProject,3801,868,GSM6886536_Sigmoid_03N,1767,636,8,8,IgA+ Plasma cells,IgA+ Plasma cells_8,,ATCATGATCCCT_1
ACGTCGTAAGTC_1,SeuratProject,3441,698,GSM6886536_Sigmoid_03N,1768,592,8,8,IgA+ Plasma cells,IgA+ Plasma cells_8,,ACGTCGTAAGTC_1
CACGCGGCTTTC_1,SeuratProject,4261,857,GSM6886536_Sigmoid_03N,1665,501,8,8,IgA+ Plasma cells,IgA+ Plasma cells_8,,CACGCGGCTTTC_1
CGGTTGTAGAGA_1,SeuratProject,3834,895,GSM6886536_Sigmoid_03N,1810,657,27,27,IgA+ Plasma cells,IgA+ Plasma cells_27,,CGGTTGTAGAGA_1
CCTGGATTACTT_1,SeuratProject,4294,701,GSM6886536_Sigmoid_03N,1685,367,8,8,IgA+ Plasma cells,IgA+ Plasma cells_8,,CCTGGATTACTT_1
GCAGCTAGGCTA_1,SeuratProject,3921,549,GSM6886536_Sigmoid_03N,1759,343,8,8,IgA+ Plasma cells,IgA+ Plasma cells_8,,GCAGCTAGGCTA_1
AATATAGAATAT_1,SeuratProject,4409,751,GSM6886536_Sigmoid_03N,1723,342,8,8,IgA+ Plasma cells,IgA+ Plasma cells_8,,AATATAGAATAT_1
AGAATCCTATGA_1,SeuratProject,4317,716,GSM6886536_Sigmoid_03N,1585,332,8,8,IgA+ Plasma cells,IgA+ Plasma cells_8,,AGAATCCTATGA_1
TTACAGGACGAG_1,SeuratProject,3578,797,GSM6886536_Sigmoid_03N,1786,641,8,8,IgA+ Plasma cells,IgA+ Plasma cells_8,,TTACAGGACGAG_1
GTGAAAGAGGAT_1,SeuratProject,4154,607,GSM6886536_Sigmoid_03N,1672,344,8,8,IgA+ Plasma cells,IgA+ Plasma cells_8,,GTGAAAGAGGAT_1
TCTCGTCCCCCA_1,SeuratProject,4005,754,GSM6886536_Sigmoid_03N,1707,454,8,8,IgA+ Plasma cells,IgA+ Plasma cells_8,,TCTCGTCCCCCA_1
AGGACAGCGGTG_1,SeuratProject,3969,730,GSM6886536_Sigmoid_03N,1704,495,8,8,IgA+ Plasma cells,IgA+ Plasma cells_8,,AGGACAGCGGTG_1
GTATCCCACTGA_1,SeuratProject,3607,844,GSM6886536_Sigmoid_03N,1816,694,8,8,IgA+ Plasma cells,IgA+ Plasma cells_8,,GTATCCCACTGA_1
CAACAGAAATTT_1,SeuratProject,3291,726,GSM6886536_Sigmoid_03N,1812,649,8,8,IgA+ Plasma cells,IgA+ Plasma cells_8,,CAACAGAAATTT_1
CTAAAGGTGGAA_1,SeuratProject,3627,805,GSM6886536_Sigmoid_03N,1727,600,8,8,IgA+ Plasma cells,IgA+ Plasma cells_8,,CTAAAGGTGGAA_1
TTGGGTCAAGAG_1,SeuratProject,3695,845,GSM6886536_Sigmoid_03N,1809,660,8,8,IgA+ Plasma cells,IgA+ Plasma cells_8,,TTGGGTCAAGAG_1
ATTGGTAACGCC_1,SeuratProject,3964,635,GSM6886536_Sigmoid_03N,1672,402,8,8,IgA+ Plasma cells,IgA+ Plasma cells_8,,ATTGGTAACGCC_1
GGGGATAGCGTG_1,SeuratProject,3673,555,GSM6886536_Sigmoid_03N,1747,411,8,8,IgA+ Plasma cells,IgA+ Plasma cells_8,,GGGGATAGCGTG_1
GCACTCATCCCG_1,SeuratProject,3618,726,GSM6886536_Sigmoid_03N,1749,568,8,8,IgA+ Plasma cells,IgA+ Plasma cells_8,,GCACTCATCCCG_1
TGTCTTTCGGGA_1,SeuratProject,3852,732,GSM6886536_Sigmoid_03N,1684,487,8,8,IgA+ Plasma cells,IgA+ Plasma cells_8,,TGTCTTTCGGGA_1
ACAGCAACGTGG_1,SeuratProject,3635,794,GSM6886536_Sigmoid_03N,1818,635,8,8,IgA+ Plasma cells,IgA+ Plasma cells_8,,ACAGCAACGTGG_1
AGTGGGATCGGT_1,SeuratProject,3525,659,GSM6886536_Sigmoid_03N,1785,523,8,8,IgA+ Plasma cells,IgA+ Plasma cells_8,,AGTGGGATCGGT_1
CTGCGGGGACTT_1,SeuratProject,3706,584,GSM6886536_Sigmoid_03N,1712,436,8,8,IgA+ Plasma cells,IgA+ Plasma cells_8,,CTGCGGGGACTT_1
TTAACTGAGCAG_1,SeuratProject,3146,776,GSM6886536_Sigmoid_03N,1798,691,8,8,IgA+ Plasma cells,IgA+ Plasma cells_8,,TTAACTGAGCAG_1
GTCGCATCGTTA_1,SeuratProject,3428,726,GSM6886536_Sigmoid_03N,1767,605,8,8,IgA+ Plasma cells,IgA+ Plasma cells_8,,GTCGCATCGTTA_1
GAATGGGATAAG_1,SeuratProject,3249,638,GSM6886536_Sigmoid_03N,1782,556,8,8,IgA+ Plasma cells,IgA+ Plasma cells_8,,GAATGGGATAAG_1
GTATTCTTGCTT_1,SeuratProject,3037,769,GSM6886536_Sigmoid_03N,1850,713,8,8,IgA+ Plasma cells,IgA+ Plasma cells_8,,GTATTCTTGCTT_1
CTGTCTCGGCGT_1,SeuratProject,3400,672,GSM6886536_Sigmoid_03N,1757,551,8,8,IgA+ Plasma cells,IgA+ Plasma cells_8,,CTGTCTCGGCGT_1
GATCCCTGCCGA_1,SeuratProject,2829,504,GSM6886536_Sigmoid_03N,1717,464,8,8,IgA+ Plasma cells,IgA+ Plasma cells_8,,GATCCCTGCCGA_1
AGCGCCCTCTTC_1,SeuratProject,3649,761,GSM6886536_Sigmoid_03N,1792,595,8,8,IgA+ Plasma cells,IgA+ Plasma cells_8,,AGCGCCCTCTTC_1
CATGGGGGCTCC_1,SeuratProject,3741,566,GSM6886536_Sigmoid_03N,1759,432,8,8,IgA+ Plasma cells,IgA+ Plasma cells_8,,CATGGGGGCTCC_1
ATGGGTGCTCGT_1,SeuratProject,3011,652,GSM6886536_Sigmoid_03N,1748,588,8,8,IgA+ Plasma cells,IgA+ Plasma cells_8,,ATGGGTGCTCGT_1
TACGAGACGGGC_1,SeuratProject,3033,713,GSM6886536_Sigmoid_03N,1798,653,8,8,IgA+ Plasma cells,IgA+ Plasma cells_8,,TACGAGACGGGC_1
TGCCCCAGTGAT_1,SeuratProject,3528,677,GSM6886536_Sigmoid_03N,1800,551,8,8,IgA+ Plasma cells,IgA+ Plasma cells_8,,TGCCCCAGTGAT_1
TCCTTCTGCGGT_1,SeuratProject,3195,720,GSM6886536_Sigmoid_03N,1822,651,8,8,IgA+ Plasma cells,IgA+ Plasma cells_8,,TCCTTCTGCGGT_1
CAATAGCGCGAT_1,SeuratProject,3529,713,GSM6886536_Sigmoid_03N,1762,571,8,8,IgA+ Plasma cells,IgA+ Plasma cells_8,,CAATAGCGCGAT_1
AACTGCCAATTG_1,SeuratProject,3582,518,GSM6886536_Sigmoid_03N,1782,395,8,8,IgA+ Plasma cells,IgA+ Plasma cells_8,,AACTGCCAATTG_1
GATCCTGACTAG_1,SeuratProject,3469,818,GSM6886536_Sigmoid_03N,1842,682,8,8,IgA+ Plasma cells,IgA+ Plasma cells_8,,GATCCTGACTAG_1
TTAGACATATGG_1,SeuratProject,3580,966,GSM6886536_Sigmoid_03N,1865,789,8,8,IgA+ Plasma cells,IgA+ Plasma cells_8,,TTAGACATATGG_1
GTAAGGGCTGAG_1,SeuratProject,3307,699,GSM6886536_Sigmoid_03N,1785,611,8,8,IgA+ Plasma cells,IgA+ Plasma cells_8,,GTAAGGGCTGAG_1
CAGGGAGCACCC_1,SeuratProject,3430,747,GSM6886536_Sigmoid_03N,1799,634,8,8,IgA+ Plasma cells,IgA+ Plasma cells_8,,CAGGGAGCACCC_1
CGGCGGATGTGG_1,SeuratProject,3153,556,GSM6886536_Sigmoid_03N,1732,490,8,8,IgA+ Plasma cells,IgA+ Plasma cells_8,,CGGCGGATGTGG_1
GCTACGTGCGGC_1,SeuratProject,2878,447,GSM6886536_Sigmoid_03N,1734,403,8,8,IgA+ Plasma cells,IgA+ Plasma cells_8,,GCTACGTGCGGC_1
GACAGCGCATTT_1,SeuratProject,3122,709,GSM6886536_Sigmoid_03N,1768,627,8,8,IgA+ Plasma cells,IgA+ Plasma cells_8,,GACAGCGCATTT_1
GAGTCGCCCGTT_1,SeuratProject,3295,744,GSM6886536_Sigmoid_03N,1772,660,8,8,IgA+ Plasma cells,IgA+ Plasma cells_8,,GAGTCGCCCGTT_1
GCTAACGGAACC_1,SeuratProject,2922,531,GSM6886536_Sigmoid_03N,1745,473,8,8,IgA+ Plasma cells,IgA+ Plasma cells_8,,GCTAACGGAACC_1
ATATCGAAGCTC_1,SeuratProject,3182,569,GSM6886536_Sigmoid_03N,1750,492,8,8,IgA+ Plasma cells,IgA+ Plasma cells_8,,ATATCGAAGCTC_1
TAGGTCGCCTAA_1,SeuratProject,3261,1046,GSM6886536_Sigmoid_03N,1879,929,8,8,IgA+ Plasma cells,IgA+ Plasma cells_8,,TAGGTCGCCTAA_1
CATAGGACCCTT_1,SeuratProject,3153,871,GSM6886536_Sigmoid_03N,1851,783,8,8,IgA+ Plasma cells,IgA+ Plasma cells_8,,CATAGGACCCTT_1
GTACCAAGCAAC_1,SeuratProject,2661,575,GSM6886536_Sigmoid_03N,1720,542,8,8,IgA+ Plasma cells,IgA+ Plasma cells_8,,GTACCAAGCAAC_1
GCGCTGTTATTA_1,SeuratProject,3010,566,GSM6886536_Sigmoid_03N,1747,510,8,8,IgA+ Plasma cells,IgA+ Plasma cells_8,,GCGCTGTTATTA_1
GTGACCGGTGTG_1,SeuratProject,3088,872,GSM6886536_Sigmoid_03N,1845,799,8,8,IgA+ Plasma cells,IgA+ Plasma cells_8,,GTGACCGGTGTG_1
TGAAGGAGATAT_1,SeuratProject,2686,546,GSM6886536_Sigmoid_03N,1741,512,8,8,IgA+ Plasma cells,IgA+ Plasma cells_8,,TGAAGGAGATAT_1
GGTTACGTGCTC_1,SeuratProject,2964,626,GSM6886536_Sigmoid_03N,1761,576,8,8,IgA+ Plasma cells,IgA+ Plasma cells_8,,GGTTACGTGCTC_1
CTGCGAACTCGG_1,SeuratProject,2883,762,GSM6886536_Sigmoid_03N,1815,716,8,8,IgA+ Plasma cells,IgA+ Plasma cells_8,,CTGCGAACTCGG_1
ACGTCAGGTGTG_1,SeuratProject,2807,673,GSM6886536_Sigmoid_03N,1797,643,8,8,IgA+ Plasma cells,IgA+ Plasma cells_8,,ACGTCAGGTGTG_1
TCGTCCCGGTAT_1,SeuratProject,2478,550,GSM6886536_Sigmoid_03N,1700,529,8,8,IgA+ Plasma cells,IgA+ Plasma cells_8,,TCGTCCCGGTAT_1
GGCGTAGCTGGC_1,SeuratProject,2644,627,GSM6886536_Sigmoid_03N,1746,584,8,8,IgA+ Plasma cells,IgA+ Plasma cells_8,,GGCGTAGCTGGC_1
GTGGATGGATTC_1,SeuratProject,2674,586,GSM6886536_Sigmoid_03N,1714,544,8,8,IgA+ Plasma cells,IgA+ Plasma cells_8,,GTGGATGGATTC_1
CGTTATACTACC_1,SeuratProject,2414,580,GSM6886536_Sigmoid_03N,1720,563,8,8,IgA+ Plasma cells,IgA+ Plasma cells_8,,CGTTATACTACC_1
GGGGTACAGGGT_1,SeuratProject,2730,664,GSM6886536_Sigmoid_03N,1773,614,8,8,IgA+ Plasma cells,IgA+ Plasma cells_8,,GGGGTACAGGGT_1
ACTATTCCTGAA_1,SeuratProject,2653,588,GSM6886536_Sigmoid_03N,1723,555,8,8,IgA+ Plasma cells,IgA+ Plasma cells_8,,ACTATTCCTGAA_1
CACTGCTGCCCC_1,SeuratProject,2831,546,GSM6886536_Sigmoid_03N,1732,512,8,8,IgA+ Plasma cells,IgA+ Plasma cells_8,,CACTGCTGCCCC_1
GCTGATAATAAG_1,SeuratProject,2524,545,GSM6886536_Sigmoid_03N,1774,528,8,8,IgA+ Plasma cells,IgA+ Plasma cells_8,,GCTGATAATAAG_1
GGAGAGAAGAAC_1,SeuratProject,2191,589,GSM6886536_Sigmoid_03N,1714,577,8,8,IgA+ Plasma cells,IgA+ Plasma cells_8,,GGAGAGAAGAAC_1
TTACTGCACAAA_1,SeuratProject,2641,476,GSM6886536_Sigmoid_03N,1699,437,8,8,IgA+ Plasma cells,IgA+ Plasma cells_8,,TTACTGCACAAA_1
CCAAACAAGGCC_1,SeuratProject,2395,509,GSM6886536_Sigmoid_03N,1706,496,8,8,IgA+ Plasma cells,IgA+ Plasma cells_8,,CCAAACAAGGCC_1
TAAAAAAGTCCC_1,SeuratProject,2351,495,GSM6886536_Sigmoid_03N,1701,480,8,8,IgA+ Plasma cells,IgA+ Plasma cells_8,,TAAAAAAGTCCC_1
TAATCGTCTCGC_1,SeuratProject,2162,602,GSM6886536_Sigmoid_03N,1696,575,8,8,IgA+ Plasma cells,IgA+ Plasma cells_8,,TAATCGTCTCGC_1
CGGGGAACGAGT_1,SeuratProject,2327,458,GSM6886536_Sigmoid_03N,1704,452,8,8,IgA+ Plasma cells,IgA+ Plasma cells_8,,CGGGGAACGAGT_1
GACCCGGACTCT_1,SeuratProject,1948,373,GSM6886536_Sigmoid_03N,1634,364,8,8,IgA+ Plasma cells,IgA+ Plasma cells_8,,GACCCGGACTCT_1
GTAACAATAATT_1,SeuratProject,2224,634,GSM6886536_Sigmoid_03N,1713,611,8,8,IgA+ Plasma cells,IgA+ Plasma cells_8,,GTAACAATAATT_1
ACAGCCTCCGTG_1,SeuratProject,2209,593,GSM6886536_Sigmoid_03N,1720,580,8,8,IgA+ Plasma cells,IgA+ Plasma cells_8,,ACAGCCTCCGTG_1
CAGGCTAAGCAA_1,SeuratProject,2209,404,GSM6886536_Sigmoid_03N,1699,395,8,8,IgA+ Plasma cells,IgA+ Plasma cells_8,,CAGGCTAAGCAA_1
GCAATTGCGCTG_1,SeuratProject,2141,318,GSM6886536_Sigmoid_03N,1693,309,8,8,IgA+ Plasma cells,IgA+ Plasma cells_8,,GCAATTGCGCTG_1
GTGGTGCCTGGC_1,SeuratProject,1767,421,GSM6886536_Sigmoid_03N,1628,410,8,8,IgA+ Plasma cells,IgA+ Plasma cells_8,,GTGGTGCCTGGC_1
ACCATGTCGATA_1,SeuratProject,2065,583,GSM6886536_Sigmoid_03N,1680,562,8,8,IgA+ Plasma cells,IgA+ Plasma cells_8,,ACCATGTCGATA_1
TTTACCGGCAGT_1,SeuratProject,1847,268,GSM6886536_Sigmoid_03N,1621,265,8,8,IgA+ Plasma cells,IgA+ Plasma cells_8,,TTTACCGGCAGT_1
GTCCTGCCAACG_1,SeuratProject,2074,551,GSM6886536_Sigmoid_03N,1688,537,8,8,IgA+ Plasma cells,IgA+ Plasma cells_8,,GTCCTGCCAACG_1
CGGACATCGTTG_1,SeuratProject,1996,449,GSM6886536_Sigmoid_03N,1654,433,8,8,IgA+ Plasma cells,IgA+ Plasma cells_8,,CGGACATCGTTG_1
CAGCTACAGAAA_1,SeuratProject,2019,415,GSM6886536_Sigmoid_03N,1661,408,8,8,IgA+ Plasma cells,IgA+ Plasma cells_8,,CAGCTACAGAAA_1
ACTGAACCGACA_1,SeuratProject,1979,369,GSM6886536_Sigmoid_03N,1651,362,8,8,IgA+ Plasma cells,IgA+ Plasma cells_8,,ACTGAACCGACA_1
CTCTACAACCTG_1,SeuratProject,1945,501,GSM6886536_Sigmoid_03N,1649,479,8,8,IgA+ Plasma cells,IgA+ Plasma cells_8,,CTCTACAACCTG_1
ATACTGCGTGAC_1,SeuratProject,1864,375,GSM6886536_Sigmoid_03N,1625,362,8,8,IgA+ Plasma cells,IgA+ Plasma cells_8,,ATACTGCGTGAC_1
GGGCATTTCCGC_1,SeuratProject,2023,571,GSM6886536_Sigmoid_03N,1687,554,8,8,IgA+ Plasma cells,IgA+ Plasma cells_8,,GGGCATTTCCGC_1
CCCGTAAAAGTT_1,SeuratProject,2019,521,GSM6886536_Sigmoid_03N,1685,508,8,8,IgA+ Plasma cells,IgA+ Plasma cells_8,,CCCGTAAAAGTT_1
AACGACGCCGAT_1,SeuratProject,1994,716,GSM6886536_Sigmoid_03N,1696,688,8,8,IgA+ Plasma cells,IgA+ Plasma cells_8,,AACGACGCCGAT_1
GGAAGATGCGTT_1,SeuratProject,1796,333,GSM6886536_Sigmoid_03N,1611,326,8,8,IgA+ Plasma cells,IgA+ Plasma cells_8,,GGAAGATGCGTT_1
GACGCGTGTTAA_1,SeuratProject,1631,511,GSM6886536_Sigmoid_03N,1571,493,8,8,IgA+ Plasma cells,IgA+ Plasma cells_8,,GACGCGTGTTAA_1
ATTTTCCGCAGT_1,SeuratProject,1743,352,GSM6886536_Sigmoid_03N,1613,340,8,8,IgA+ Plasma cells,IgA+ Plasma cells_8,,ATTTTCCGCAGT_1
TACGCACTCGTT_1,SeuratProject,1809,459,GSM6886536_Sigmoid_03N,1621,442,8,8,IgA+ Plasma cells,IgA+ Plasma cells_8,,TACGCACTCGTT_1
ACTATGTTAGGA_1,SeuratProject,1789,386,GSM6886536_Sigmoid_03N,1622,373,8,8,IgA+ Plasma cells,IgA+ Plasma cells_8,,ACTATGTTAGGA_1
GCCGTCGAAGGA_1,SeuratProject,1551,469,GSM6886536_Sigmoid_03N,1533,449,8,8,IgA+ Plasma cells,IgA+ Plasma cells_8,,GCCGTCGAAGGA_1
GCACATCCGTTC_1,SeuratProject,1782,458,GSM6886536_Sigmoid_03N,1624,447,8,8,IgA+ Plasma cells,IgA+ Plasma cells_8,,GCACATCCGTTC_1
ACGGTAATAGCT_1,SeuratProject,1858,718,GSM6886536_Sigmoid_03N,1663,689,8,8,IgA+ Plasma cells,IgA+ Plasma cells_8,,ACGGTAATAGCT_1
AGACAGGTACGC_1,SeuratProject,1575,390,GSM6886536_Sigmoid_03N,1562,383,8,8,IgA+ Plasma cells,IgA+ Plasma cells_8,,AGACAGGTACGC_1
TTTATCACGGCT_1,SeuratProject,1606,211,GSM6886536_Sigmoid_03N,1578,206,8,8,IgA+ Plasma cells,IgA+ Plasma cells_8,,TTTATCACGGCT_1
GAGGGGTGAGAT_1,SeuratProject,1747,518,GSM6886536_Sigmoid_03N,1616,500,8,8,IgA+ Plasma cells,IgA+ Plasma cells_8,,GAGGGGTGAGAT_1
GGGCGTGAATGC_1,SeuratProject,1361,374,GSM6886536_Sigmoid_03N,1473,361,8,8,IgA+ Plasma cells,IgA+ Plasma cells_8,,GGGCGTGAATGC_1
CCCTGACGACGC_1,SeuratProject,1545,562,GSM6886536_Sigmoid_03N,1526,545,8,8,IgA+ Plasma cells,IgA+ Plasma cells_8,,CCCTGACGACGC_1
AGCAGCATAAGG_1,SeuratProject,1571,453,GSM6886536_Sigmoid_03N,1556,446,8,8,IgA+ Plasma cells,IgA+ Plasma cells_8,,AGCAGCATAAGG_1
AATCCCCAATTG_1,SeuratProject,1623,393,GSM6886536_Sigmoid_03N,1577,381,8,8,IgA+ Plasma cells,IgA+ Plasma cells_8,,AATCCCCAATTG_1
AATCTTGTTATG_1,SeuratProject,1610,416,GSM6886536_Sigmoid_03N,1576,404,8,8,IgA+ Plasma cells,IgA+ Plasma cells_8,,AATCTTGTTATG_1
TAGTGCACAGCT_1,SeuratProject,1544,411,GSM6886536_Sigmoid_03N,1537,393,8,8,IgA+ Plasma cells,IgA+ Plasma cells_8,,TAGTGCACAGCT_1
TCTATAGCCGGA_1,SeuratProject,1532,655,GSM6886536_Sigmoid_03N,1508,623,8,8,IgA+ Plasma cells,IgA+ Plasma cells_8,,TCTATAGCCGGA_1
GGTAGTGACGTA_1,SeuratProject,1356,295,GSM6886536_Sigmoid_03N,1502,287,8,8,IgA+ Plasma cells,IgA+ Plasma cells_8,,GGTAGTGACGTA_1
TCATCGTCACTG_1,SeuratProject,1425,431,GSM6886536_Sigmoid_03N,1493,418,8,8,IgA+ Plasma cells,IgA+ Plasma cells_8,,TCATCGTCACTG_1
TATCGTGATCTT_1,SeuratProject,1506,410,GSM6886536_Sigmoid_03N,1521,397,8,8,IgA+ Plasma cells,IgA+ Plasma cells_8,,TATCGTGATCTT_1
CGTAACTAGAGC_1,SeuratProject,1426,318,GSM6886536_Sigmoid_03N,1506,308,8,8,IgA+ Plasma cells,IgA+ Plasma cells_8,,CGTAACTAGAGC_1
ACGTCCCCTCAT_1,SeuratProject,1360,445,GSM6886536_Sigmoid_03N,1459,430,8,8,IgA+ Plasma cells,IgA+ Plasma cells_8,,ACGTCCCCTCAT_1
TTTACTCTCCTG_1,SeuratProject,1282,445,GSM6886536_Sigmoid_03N,1445,440,8,8,IgA+ Plasma cells,IgA+ Plasma cells_8,,TTTACTCTCCTG_1
TTTGCCATTATG_1,SeuratProject,1418,381,GSM6886536_Sigmoid_03N,1496,374,8,8,IgA+ Plasma cells,IgA+ Plasma cells_8,,TTTGCCATTATG_1
CCAGAATTTAGG_1,SeuratProject,1240,341,GSM6886536_Sigmoid_03N,1462,326,8,8,IgA+ Plasma cells,IgA+ Plasma cells_8,,CCAGAATTTAGG_1
CGATTGATGTGA_1,SeuratProject,1319,414,GSM6886536_Sigmoid_03N,1450,396,8,8,IgA+ Plasma cells,IgA+ Plasma cells_8,,CGATTGATGTGA_1
CGCACGGCTTGA_1,SeuratProject,1310,492,GSM6886536_Sigmoid_03N,1442,481,8,8,IgA+ Plasma cells,IgA+ Plasma cells_8,,CGCACGGCTTGA_1
CCACCGGATCCA_1,SeuratProject,1322,319,GSM6886536_Sigmoid_03N,1492,317,8,8,IgA+ Plasma cells,IgA+ Plasma cells_8,,CCACCGGATCCA_1
AGCAACATTGCG_1,SeuratProject,1306,391,GSM6886536_Sigmoid_03N,1453,378,8,8,IgA+ Plasma cells,IgA+ Plasma cells_8,,AGCAACATTGCG_1
GTATGGCTGCCT_1,SeuratProject,1282,479,GSM6886536_Sigmoid_03N,1428,459,8,8,IgA+ Plasma cells,IgA+ Plasma cells_8,,GTATGGCTGCCT_1
GAGGGTTTGAAC_1,SeuratProject,1170,198,GSM6886536_Sigmoid_03N,1420,194,8,8,IgA+ Plasma cells,IgA+ Plasma cells_8,,GAGGGTTTGAAC_1
TGGCGATCAACG_1,SeuratProject,1178,283,GSM6886536_Sigmoid_03N,1466,276,8,8,IgA+ Plasma cells,IgA+ Plasma cells_8,,TGGCGATCAACG_1
CCTAGAGATGCC_1,SeuratProject,1157,422,GSM6886536_Sigmoid_03N,1390,407,8,8,IgA+ Plasma cells,IgA+ Plasma cells_8,,CCTAGAGATGCC_1
CCAAGGCTTGGT_1,SeuratProject,1064,337,GSM6886536_Sigmoid_03N,1408,329,8,8,IgA+ Plasma cells,IgA+ Plasma cells_8,,CCAAGGCTTGGT_1
GTGGGATAAACT_1,SeuratProject,1190,405,GSM6886536_Sigmoid_03N,1412,387,8,8,IgA+ Plasma cells,IgA+ Plasma cells_8,,GTGGGATAAACT_1
TTGATTGTGTCT_1,SeuratProject,1122,294,GSM6886536_Sigmoid_03N,1424,285,8,8,IgA+ Plasma cells,IgA+ Plasma cells_8,,TTGATTGTGTCT_1
ACCCCAATAAAC_1,SeuratProject,1182,606,GSM6886536_Sigmoid_03N,1342,573,8,8,IgA+ Plasma cells,IgA+ Plasma cells_8,,ACCCCAATAAAC_1
TCTATCAACGCC_1,SeuratProject,1090,387,GSM6886536_Sigmoid_03N,1416,379,8,8,IgA+ Plasma cells,IgA+ Plasma cells_8,,TCTATCAACGCC_1
ACGGTTTGAGTA_1,SeuratProject,1129,408,GSM6886536_Sigmoid_03N,1385,386,8,8,IgA+ Plasma cells,IgA+ Plasma cells_8,,ACGGTTTGAGTA_1
CCTACTATTAGG_1,SeuratProject,1026,339,GSM6886536_Sigmoid_03N,1398,327,8,8,IgA+ Plasma cells,IgA+ Plasma cells_8,,CCTACTATTAGG_1
AACGCAAAAGTC_1,SeuratProject,993,399,GSM6886536_Sigmoid_03N,1358,380,8,8,IgA+ Plasma cells,IgA+ Plasma cells_8,,AACGCAAAAGTC_1
AAAGGATCACTG_1,SeuratProject,1112,266,GSM6886536_Sigmoid_03N,1449,256,8,8,IgA+ Plasma cells,IgA+ Plasma cells_8,,AAAGGATCACTG_1
GAGCTTCCATTA_1,SeuratProject,1042,448,GSM6886536_Sigmoid_03N,1357,429,8,8,IgA+ Plasma cells,IgA+ Plasma cells_8,,GAGCTTCCATTA_1
ACCATCAGGTCT_1,SeuratProject,1094,507,GSM6886536_Sigmoid_03N,1378,498,8,8,IgA+ Plasma cells,IgA+ Plasma cells_8,,ACCATCAGGTCT_1
TCGCTCTTCTAA_1,SeuratProject,1000,373,GSM6886536_Sigmoid_03N,1401,363,8,8,IgA+ Plasma cells,IgA+ Plasma cells_8,,TCGCTCTTCTAA_1
TCTGAACTCAAG_1,SeuratProject,910,195,GSM6886536_Sigmoid_03N,1430,193,8,8,IgA+ Plasma cells,IgA+ Plasma cells_8,,TCTGAACTCAAG_1
CGGTAGTAACGG_1,SeuratProject,963,308,GSM6886536_Sigmoid_03N,1390,292,8,8,IgA+ Plasma cells,IgA+ Plasma cells_8,,CGGTAGTAACGG_1
CGCCTCAGCGCT_1,SeuratProject,879,215,GSM6886536_Sigmoid_03N,1394,211,8,8,IgA+ Plasma cells,IgA+ Plasma cells_8,,CGCCTCAGCGCT_1
TCACTAGTACAA_1,SeuratProject,1008,300,GSM6886536_Sigmoid_03N,1429,290,8,8,IgA+ Plasma cells,IgA+ Plasma cells_8,,TCACTAGTACAA_1
TTCACATGCAGC_1,SeuratProject,982,332,GSM6886536_Sigmoid_03N,1388,328,8,8,IgA+ Plasma cells,IgA+ Plasma cells_8,,TTCACATGCAGC_1
TCTGGATTACTT_1,SeuratProject,1009,247,GSM6886536_Sigmoid_03N,1416,246,8,8,IgA+ Plasma cells,IgA+ Plasma cells_8,,TCTGGATTACTT_1
AGGTAGATCATG_1,SeuratProject,959,432,GSM6886536_Sigmoid_03N,1361,416,8,8,IgA+ Plasma cells,IgA+ Plasma cells_8,,AGGTAGATCATG_1
TTGTGTCTCTAC_1,SeuratProject,913,184,GSM6886536_Sigmoid_03N,1447,180,8,8,IgA+ Plasma cells,IgA+ Plasma cells_8,,TTGTGTCTCTAC_1
TGAGCCTGGAGC_1,SeuratProject,856,270,GSM6886536_Sigmoid_03N,1414,260,8,8,IgA+ Plasma cells,IgA+ Plasma cells_8,,TGAGCCTGGAGC_1
ACCCGGGTCCAA_1,SeuratProject,774,225,GSM6886536_Sigmoid_03N,1359,218,8,8,IgA+ Plasma cells,IgA+ Plasma cells_8,,ACCCGGGTCCAA_1
ATGGCGTAGCTC_1,SeuratProject,916,222,GSM6886536_Sigmoid_03N,1391,213,8,8,IgA+ Plasma cells,IgA+ Plasma cells_8,,ATGGCGTAGCTC_1
AAGTTCCATACG_1,SeuratProject,856,303,GSM6886536_Sigmoid_03N,1364,287,8,8,IgA+ Plasma cells,IgA+ Plasma cells_8,,AAGTTCCATACG_1
CCCTGAATTTCC_1,SeuratProject,933,405,GSM6886536_Sigmoid_03N,1326,392,8,8,IgA+ Plasma cells,IgA+ Plasma cells_8,,CCCTGAATTTCC_1
ACACCGAAACAG_2,SeuratProject,15989,1496,GSM6886537_Sigmoid_03T,4448,465,8,8,IgA+ Plasma cells,IgA+ Plasma cells_8,,ACACCGAAACAG_2
TGCTTGGCTATG_2,SeuratProject,13953,1620,GSM6886537_Sigmoid_03T,4282,576,8,8,IgA+ Plasma cells,IgA+ Plasma cells_8,,TGCTTGGCTATG_2
GACCTGAGCCAA_2,SeuratProject,14179,2325,GSM6886537_Sigmoid_03T,4050,854,8,8,IgA+ Plasma cells,IgA+ Plasma cells_8,,GACCTGAGCCAA_2
TCAGAAGAGAGG_2,SeuratProject,10686,1733,GSM6886537_Sigmoid_03T,4362,1057,8,8,IgA+ Plasma cells,IgA+ Plasma cells_8,,TCAGAAGAGAGG_2
AGCGCCTTTTCG_2,SeuratProject,9714,1596,GSM6886537_Sigmoid_03T,4380,1146,8,8,IgA+ Plasma cells,IgA+ Plasma cells_8,,AGCGCCTTTTCG_2
CGGTTGGACACC_2,SeuratProject,12366,2139,GSM6886537_Sigmoid_03T,3963,722,8,8,IgA+ Plasma cells,IgA+ Plasma cells_8,,CGGTTGGACACC_2
AACGTAAAAACC_2,SeuratProject,10047,1042,GSM6886537_Sigmoid_03T,4480,657,8,8,IgA+ Plasma cells,IgA+ Plasma cells_8,,AACGTAAAAACC_2
ACCAAGACTACA_2,SeuratProject,10713,1403,GSM6886537_Sigmoid_03T,4289,822,8,8,IgA+ Plasma cells,IgA+ Plasma cells_8,,ACCAAGACTACA_2
GCTTCGTGCAGC_2,SeuratProject,9959,968,GSM6886537_Sigmoid_03T,4266,561,8,8,IgA+ Plasma cells,IgA+ Plasma cells_8,,GCTTCGTGCAGC_2
TGTAGCAAGTAT_2,SeuratProject,10407,1265,GSM6886537_Sigmoid_03T,4299,777,8,8,IgA+ Plasma cells,IgA+ Plasma cells_8,,TGTAGCAAGTAT_2
CCTTACCCCTTC_2,SeuratProject,9966,1840,GSM6886537_Sigmoid_03T,4509,1260,8,8,IgA+ Plasma cells,IgA+ Plasma cells_8,,CCTTACCCCTTC_2
AAAGCCTGTATA_2,SeuratProject,11721,2453,GSM6886537_Sigmoid_03T,4173,1220,8,8,IgA+ Plasma cells,IgA+ Plasma cells_8,,AAAGCCTGTATA_2
TATCAATCCACA_2,SeuratProject,9785,1603,GSM6886537_Sigmoid_03T,4266,1108,8,8,IgA+ Plasma cells,IgA+ Plasma cells_8,,TATCAATCCACA_2
AAGGTACCCTCG_2,SeuratProject,9510,1162,GSM6886537_Sigmoid_03T,4333,791,8,8,IgA+ Plasma cells,IgA+ Plasma cells_8,,AAGGTACCCTCG_2
AGTACGAAGGTT_2,SeuratProject,8405,1228,GSM6886537_Sigmoid_03T,4420,1001,8,8,IgA+ Plasma cells,IgA+ Plasma cells_8,,AGTACGAAGGTT_2
TACTAGTTCAGC_2,SeuratProject,8840,1567,GSM6886537_Sigmoid_03T,4481,1229,8,8,IgA+ Plasma cells,IgA+ Plasma cells_8,,TACTAGTTCAGC_2
TTTCGGACAAAA_2,SeuratProject,9806,1698,GSM6886537_Sigmoid_03T,4274,1141,8,8,IgA+ Plasma cells,IgA+ Plasma cells_8,,TTTCGGACAAAA_2
CCGATGTCTGTG_2,SeuratProject,8756,1389,GSM6886537_Sigmoid_03T,4390,1106,8,8,IgA+ Plasma cells,IgA+ Plasma cells_8,,CCGATGTCTGTG_2
GATCGTCGCACA_2,SeuratProject,8192,1183,GSM6886537_Sigmoid_03T,4359,985,8,8,IgA+ Plasma cells,IgA+ Plasma cells_8,,GATCGTCGCACA_2
TCGCCGGGCAAA_2,SeuratProject,8361,1112,GSM6886537_Sigmoid_03T,4497,900,8,8,IgA+ Plasma cells,IgA+ Plasma cells_8,,TCGCCGGGCAAA_2
GAACAGACAGTA_2,SeuratProject,10170,2568,GSM6886537_Sigmoid_03T,4443,1834,8,8,IgA+ Plasma cells,IgA+ Plasma cells_8,,GAACAGACAGTA_2
CATGTTTACCGC_2,SeuratProject,10480,2534,GSM6886537_Sigmoid_03T,4337,1654,8,8,IgA+ Plasma cells,IgA+ Plasma cells_8,,CATGTTTACCGC_2
ACTAGGTCAAGT_2,SeuratProject,8292,1125,GSM6886537_Sigmoid_03T,4413,937,8,8,IgA+ Plasma cells,IgA+ Plasma cells_8,,ACTAGGTCAAGT_2
TTAACTTCATCT_2,SeuratProject,7772,985,GSM6886537_Sigmoid_03T,4486,853,8,8,IgA+ Plasma cells,IgA+ Plasma cells_8,,TTAACTTCATCT_2
CCTCGTCTCTAC_2,SeuratProject,8455,1231,GSM6886537_Sigmoid_03T,4379,992,8,8,IgA+ Plasma cells,IgA+ Plasma cells_8,,CCTCGTCTCTAC_2
TTTTCCTCCATG_2,SeuratProject,8970,1293,GSM6886537_Sigmoid_03T,4415,988,8,8,IgA+ Plasma cells,IgA+ Plasma cells_8,,TTTTCCTCCATG_2
TGATAGCCCATA_2,SeuratProject,8859,1186,GSM6886537_Sigmoid_03T,4341,877,8,8,IgA+ Plasma cells,IgA+ Plasma cells_8,,TGATAGCCCATA_2
CACGATGCGCGC_2,SeuratProject,7787,1038,GSM6886537_Sigmoid_03T,4351,910,8,8,IgA+ Plasma cells,IgA+ Plasma cells_8,,CACGATGCGCGC_2
TCCAGAGAACCA_2,SeuratProject,8272,1048,GSM6886537_Sigmoid_03T,4706,847,8,8,IgA+ Plasma cells,IgA+ Plasma cells_8,,TCCAGAGAACCA_2
TTTAATATCGTA_2,SeuratProject,7730,965,GSM6886537_Sigmoid_03T,4465,808,8,8,IgA+ Plasma cells,IgA+ Plasma cells_8,,TTTAATATCGTA_2
AATTTGGTACAT_2,SeuratProject,8154,1030,GSM6886537_Sigmoid_03T,4368,849,8,8,IgA+ Plasma cells,IgA+ Plasma cells_8,,AATTTGGTACAT_2
CTCTAGAGAAAC_2,SeuratProject,8082,1100,GSM6886537_Sigmoid_03T,4347,905,8,8,IgA+ Plasma cells,IgA+ Plasma cells_8,,CTCTAGAGAAAC_2
ATGCTCAACGGA_2,SeuratProject,6898,1231,GSM6886537_Sigmoid_03T,4400,1158,8,8,IgA+ Plasma cells,IgA+ Plasma cells_8,,ATGCTCAACGGA_2
TTCCGTATCCTT_2,SeuratProject,6721,1248,GSM6886537_Sigmoid_03T,4350,1181,8,8,IgA+ Plasma cells,IgA+ Plasma cells_8,,TTCCGTATCCTT_2
CTATTACCCGCA_2,SeuratProject,6454,1303,GSM6886537_Sigmoid_03T,4439,1263,27,27,IgA+ Plasma cells,IgA+ Plasma cells_27,,CTATTACCCGCA_2
AGCCTTTTTATA_2,SeuratProject,8144,1402,GSM6886537_Sigmoid_03T,4450,1207,8,8,IgA+ Plasma cells,IgA+ Plasma cells_8,,AGCCTTTTTATA_2
TACACCAAAAAT_2,SeuratProject,7929,1316,GSM6886537_Sigmoid_03T,4438,1132,8,8,IgA+ Plasma cells,IgA+ Plasma cells_8,,TACACCAAAAAT_2
GTCATTCCTGAA_2,SeuratProject,7035,1464,GSM6886537_Sigmoid_03T,4428,1390,8,8,IgA+ Plasma cells,IgA+ Plasma cells_8,,GTCATTCCTGAA_2
TCGGACCGGGTC_2,SeuratProject,6395,1175,GSM6886537_Sigmoid_03T,4334,1139,8,8,IgA+ Plasma cells,IgA+ Plasma cells_8,,TCGGACCGGGTC_2
GCTATCTGGTTT_2,SeuratProject,7174,1302,GSM6886537_Sigmoid_03T,4408,1209,8,8,IgA+ Plasma cells,IgA+ Plasma cells_8,,GCTATCTGGTTT_2
GTCGTGATTTGG_2,SeuratProject,7154,1113,GSM6886537_Sigmoid_03T,4351,1016,8,8,IgA+ Plasma cells,IgA+ Plasma cells_8,,GTCGTGATTTGG_2
CATGAGCCCCAA_2,SeuratProject,6830,925,GSM6886537_Sigmoid_03T,4341,858,8,8,IgA+ Plasma cells,IgA+ Plasma cells_8,,CATGAGCCCCAA_2
TTTACTTAGCAG_2,SeuratProject,8099,1095,GSM6886537_Sigmoid_03T,4440,913,8,8,IgA+ Plasma cells,IgA+ Plasma cells_8,,TTTACTTAGCAG_2
TTTGCGTAGAGT_2,SeuratProject,7661,1764,GSM6886537_Sigmoid_03T,4546,1603,8,8,IgA+ Plasma cells,IgA+ Plasma cells_8,,TTTGCGTAGAGT_2
TTGTTTCCACGG_2,SeuratProject,6954,1789,GSM6886537_Sigmoid_03T,4478,1702,8,8,IgA+ Plasma cells,IgA+ Plasma cells_8,,TTGTTTCCACGG_2
TGGTCACGGGGG_2,SeuratProject,6307,979,GSM6886537_Sigmoid_03T,4278,950,8,8,IgA+ Plasma cells,IgA+ Plasma cells_8,,TGGTCACGGGGG_2
GTGAAAGGGGAG_2,SeuratProject,7195,1037,GSM6886537_Sigmoid_03T,4474,942,8,8,IgA+ Plasma cells,IgA+ Plasma cells_8,,GTGAAAGGGGAG_2
AACAGTAAGCGC_2,SeuratProject,6236,1002,GSM6886537_Sigmoid_03T,4301,960,8,8,IgA+ Plasma cells,IgA+ Plasma cells_8,,AACAGTAAGCGC_2
TTAACGGACACG_2,SeuratProject,8165,1330,GSM6886537_Sigmoid_03T,4389,1096,27,27,IgA+ Plasma cells,IgA+ Plasma cells_27,,TTAACGGACACG_2
GGGCCGGTTTGA_2,SeuratProject,8451,2075,GSM6886537_Sigmoid_03T,4677,1847,8,8,IgA+ Plasma cells,IgA+ Plasma cells_8,,GGGCCGGTTTGA_2
GCCGTGGGGGTA_2,SeuratProject,7331,1199,GSM6886537_Sigmoid_03T,4493,1084,8,8,IgA+ Plasma cells,IgA+ Plasma cells_8,,GCCGTGGGGGTA_2
TATGATAGCTAG_2,SeuratProject,7279,1632,GSM6886537_Sigmoid_03T,4519,1531,8,8,IgA+ Plasma cells,IgA+ Plasma cells_8,,TATGATAGCTAG_2
CCGTGTAGCATC_2,SeuratProject,5964,1133,GSM6886537_Sigmoid_03T,4298,1111,8,8,IgA+ Plasma cells,IgA+ Plasma cells_8,,CCGTGTAGCATC_2
GAAGGTGGCACC_2,SeuratProject,7052,844,GSM6886537_Sigmoid_03T,4273,767,8,8,IgA+ Plasma cells,IgA+ Plasma cells_8,,GAAGGTGGCACC_2
CCCCAGATGACG_2,SeuratProject,6462,1284,GSM6886537_Sigmoid_03T,4377,1242,8,8,IgA+ Plasma cells,IgA+ Plasma cells_8,,CCCCAGATGACG_2
CTACCAACCAGG_2,SeuratProject,7225,808,GSM6886537_Sigmoid_03T,4455,709,8,8,IgA+ Plasma cells,IgA+ Plasma cells_8,,CTACCAACCAGG_2
AAGTAATCGCTC_2,SeuratProject,7190,1123,GSM6886537_Sigmoid_03T,4535,1030,8,8,IgA+ Plasma cells,IgA+ Plasma cells_8,,AAGTAATCGCTC_2
TTTGTCTCCTGA_2,SeuratProject,6758,794,GSM6886537_Sigmoid_03T,4290,734,8,8,IgA+ Plasma cells,IgA+ Plasma cells_8,,TTTGTCTCCTGA_2
GAGCCCGGAGAG_2,SeuratProject,6657,1850,GSM6886537_Sigmoid_03T,4472,1812,8,8,IgA+ Plasma cells,IgA+ Plasma cells_8,,GAGCCCGGAGAG_2
GTCAGGGTCTAC_2,SeuratProject,6472,1136,GSM6886537_Sigmoid_03T,4324,1099,8,8,IgA+ Plasma cells,IgA+ Plasma cells_8,,GTCAGGGTCTAC_2
TTTAGGGTGAGC_2,SeuratProject,7485,875,GSM6886537_Sigmoid_03T,4436,780,8,8,IgA+ Plasma cells,IgA+ Plasma cells_8,,TTTAGGGTGAGC_2
TAACGGATGATT_2,SeuratProject,6959,1040,GSM6886537_Sigmoid_03T,4315,952,8,8,IgA+ Plasma cells,IgA+ Plasma cells_8,,TAACGGATGATT_2
CGGTTGCAATGA_2,SeuratProject,6874,873,GSM6886537_Sigmoid_03T,4308,805,8,8,IgA+ Plasma cells,IgA+ Plasma cells_8,,CGGTTGCAATGA_2
GAGGACCACAGG_2,SeuratProject,5775,604,GSM6886537_Sigmoid_03T,4288,585,8,8,IgA+ Plasma cells,IgA+ Plasma cells_8,,GAGGACCACAGG_2
TCTTGCCATATT_2,SeuratProject,6648,1041,GSM6886537_Sigmoid_03T,4298,988,8,8,IgA+ Plasma cells,IgA+ Plasma cells_8,,TCTTGCCATATT_2
AGGGGTCACTAT_2,SeuratProject,6159,846,GSM6886537_Sigmoid_03T,4279,819,8,8,IgA+ Plasma cells,IgA+ Plasma cells_8,,AGGGGTCACTAT_2
TCGCTGCAGTAC_2,SeuratProject,6706,1329,GSM6886537_Sigmoid_03T,4357,1267,8,8,IgA+ Plasma cells,IgA+ Plasma cells_8,,TCGCTGCAGTAC_2
GCATACTGAGTT_2,SeuratProject,5813,1456,GSM6886537_Sigmoid_03T,4338,1424,8,8,IgA+ Plasma cells,IgA+ Plasma cells_8,,GCATACTGAGTT_2
TTGTTGATCGCG_2,SeuratProject,5824,760,GSM6886537_Sigmoid_03T,4294,742,8,8,IgA+ Plasma cells,IgA+ Plasma cells_8,,TTGTTGATCGCG_2
ACCATGGTTCCA_2,SeuratProject,7115,1479,GSM6886537_Sigmoid_03T,4396,1343,8,8,IgA+ Plasma cells,IgA+ Plasma cells_8,,ACCATGGTTCCA_2
AGTTAGGAGGTC_2,SeuratProject,5914,660,GSM6886537_Sigmoid_03T,4219,638,8,8,IgA+ Plasma cells,IgA+ Plasma cells_8,,AGTTAGGAGGTC_2
TCAGTGCAGTCA_2,SeuratProject,6511,854,GSM6886537_Sigmoid_03T,4285,818,8,8,IgA+ Plasma cells,IgA+ Plasma cells_8,,TCAGTGCAGTCA_2
CGTCCTGTACGT_2,SeuratProject,6994,1139,GSM6886537_Sigmoid_03T,4400,1047,8,8,IgA+ Plasma cells,IgA+ Plasma cells_8,,CGTCCTGTACGT_2
CGGCTACAGACA_2,SeuratProject,5594,687,GSM6886537_Sigmoid_03T,4304,672,8,8,IgA+ Plasma cells,IgA+ Plasma cells_8,,CGGCTACAGACA_2
AATTCATACCCG_2,SeuratProject,6767,736,GSM6886537_Sigmoid_03T,4432,678,8,8,IgA+ Plasma cells,IgA+ Plasma cells_8,,AATTCATACCCG_2
CAGCACACTAGC_2,SeuratProject,6004,1324,GSM6886537_Sigmoid_03T,4339,1286,8,8,IgA+ Plasma cells,IgA+ Plasma cells_8,,CAGCACACTAGC_2
TTGGGTAGCGCA_2,SeuratProject,5920,1258,GSM6886537_Sigmoid_03T,4331,1234,8,8,IgA+ Plasma cells,IgA+ Plasma cells_8,,TTGGGTAGCGCA_2
GCGTGGCGCGAC_2,SeuratProject,6098,1187,GSM6886537_Sigmoid_03T,4351,1165,8,8,IgA+ Plasma cells,IgA+ Plasma cells_8,,GCGTGGCGCGAC_2
ACCGCTCCATAG_2,SeuratProject,6309,809,GSM6886537_Sigmoid_03T,4359,784,8,8,IgA+ Plasma cells,IgA+ Plasma cells_8,,ACCGCTCCATAG_2
CTTGATAATTTT_2,SeuratProject,6677,1098,GSM6886537_Sigmoid_03T,4354,1049,8,8,IgA+ Plasma cells,IgA+ Plasma cells_8,,CTTGATAATTTT_2
GACGAAGTTACA_2,SeuratProject,5661,873,GSM6886537_Sigmoid_03T,4271,855,8,8,IgA+ Plasma cells,IgA+ Plasma cells_8,,GACGAAGTTACA_2
ACAGCGAAGTGA_2,SeuratProject,6444,899,GSM6886537_Sigmoid_03T,4292,871,8,8,IgA+ Plasma cells,IgA+ Plasma cells_8,,ACAGCGAAGTGA_2
ACGGTGGCCCGG_2,SeuratProject,6377,815,GSM6886537_Sigmoid_03T,4363,789,8,8,IgA+ Plasma cells,IgA+ Plasma cells_8,,ACGGTGGCCCGG_2
TGAGCAATGATT_2,SeuratProject,5637,723,GSM6886537_Sigmoid_03T,4219,706,8,8,IgA+ Plasma cells,IgA+ Plasma cells_8,,TGAGCAATGATT_2
GTGAAATGGATC_2,SeuratProject,5842,788,GSM6886537_Sigmoid_03T,4268,768,8,8,IgA+ Plasma cells,IgA+ Plasma cells_8,,GTGAAATGGATC_2
AGTCCACCATGT_2,SeuratProject,6403,953,GSM6886537_Sigmoid_03T,4293,919,8,8,IgA+ Plasma cells,IgA+ Plasma cells_8,,AGTCCACCATGT_2
ATATCCCGGCAC_2,SeuratProject,4856,886,GSM6886537_Sigmoid_03T,4143,869,8,8,IgA+ Plasma cells,IgA+ Plasma cells_8,,ATATCCCGGCAC_2
CACACCATGACA_2,SeuratProject,6162,888,GSM6886537_Sigmoid_03T,4299,866,8,8,IgA+ Plasma cells,IgA+ Plasma cells_8,,CACACCATGACA_2
TCCTTCGCGCAT_2,SeuratProject,6135,986,GSM6886537_Sigmoid_03T,4295,958,8,8,IgA+ Plasma cells,IgA+ Plasma cells_8,,TCCTTCGCGCAT_2
GAACATTCTGGA_2,SeuratProject,5593,920,GSM6886537_Sigmoid_03T,4278,905,8,8,IgA+ Plasma cells,IgA+ Plasma cells_8,,GAACATTCTGGA_2
CTGGTCGGCTAA_2,SeuratProject,5081,736,GSM6886537_Sigmoid_03T,4163,725,8,8,IgA+ Plasma cells,IgA+ Plasma cells_8,,CTGGTCGGCTAA_2
ATAGTCATTTCA_2,SeuratProject,5482,865,GSM6886537_Sigmoid_03T,4280,850,8,8,IgA+ Plasma cells,IgA+ Plasma cells_8,,ATAGTCATTTCA_2
TCTAAACTACCT_2,SeuratProject,5433,1173,GSM6886537_Sigmoid_03T,4232,1151,8,8,IgA+ Plasma cells,IgA+ Plasma cells_8,,TCTAAACTACCT_2
AGGCTTTGGTTT_2,SeuratProject,4977,904,GSM6886537_Sigmoid_03T,4166,892,8,8,IgA+ Plasma cells,IgA+ Plasma cells_8,,AGGCTTTGGTTT_2
CCACGTCTCCCG_2,SeuratProject,5531,1140,GSM6886537_Sigmoid_03T,4253,1117,8,8,IgA+ Plasma cells,IgA+ Plasma cells_8,,CCACGTCTCCCG_2
TGGAAACTAACC_2,SeuratProject,5254,1110,GSM6886537_Sigmoid_03T,4238,1084,8,8,IgA+ Plasma cells,IgA+ Plasma cells_8,,TGGAAACTAACC_2
ATTCGTGAATGC_2,SeuratProject,6345,1151,GSM6886537_Sigmoid_03T,4337,1117,8,8,IgA+ Plasma cells,IgA+ Plasma cells_8,,ATTCGTGAATGC_2
TAGTAGTTAACA_2,SeuratProject,5388,898,GSM6886537_Sigmoid_03T,4226,887,8,8,IgA+ Plasma cells,IgA+ Plasma cells_8,,TAGTAGTTAACA_2
CGAGGGGCACTC_2,SeuratProject,5628,704,GSM6886537_Sigmoid_03T,4228,692,8,8,IgA+ Plasma cells,IgA+ Plasma cells_8,,CGAGGGGCACTC_2
CTACGACTCTGG_2,SeuratProject,5036,811,GSM6886537_Sigmoid_03T,4171,798,8,8,IgA+ Plasma cells,IgA+ Plasma cells_8,,CTACGACTCTGG_2
TATAGTGGGTAA_2,SeuratProject,4641,727,GSM6886537_Sigmoid_03T,4107,714,8,8,IgA+ Plasma cells,IgA+ Plasma cells_8,,TATAGTGGGTAA_2
GCGGTCCTGGCT_2,SeuratProject,4838,845,GSM6886537_Sigmoid_03T,4136,829,8,8,IgA+ Plasma cells,IgA+ Plasma cells_8,,GCGGTCCTGGCT_2
TCCCCGTCCGCC_2,SeuratProject,5762,601,GSM6886537_Sigmoid_03T,4283,584,8,8,IgA+ Plasma cells,IgA+ Plasma cells_8,,TCCCCGTCCGCC_2
TCAAGGCGTCAG_2,SeuratProject,5783,809,GSM6886537_Sigmoid_03T,4228,794,8,8,IgA+ Plasma cells,IgA+ Plasma cells_8,,TCAAGGCGTCAG_2
TCTGATAATGTA_2,SeuratProject,5314,829,GSM6886537_Sigmoid_03T,4281,807,8,8,IgA+ Plasma cells,IgA+ Plasma cells_8,,TCTGATAATGTA_2
AAGATGCATAGA_2,SeuratProject,5626,1038,GSM6886537_Sigmoid_03T,4278,1015,8,8,IgA+ Plasma cells,IgA+ Plasma cells_8,,AAGATGCATAGA_2
CTTCGGATCGAT_2,SeuratProject,5595,882,GSM6886537_Sigmoid_03T,4224,862,8,8,IgA+ Plasma cells,IgA+ Plasma cells_8,,CTTCGGATCGAT_2
TCGTAGACCAAT_2,SeuratProject,5218,1506,GSM6886537_Sigmoid_03T,4298,1472,8,8,IgA+ Plasma cells,IgA+ Plasma cells_8,,TCGTAGACCAAT_2
GGACCGCCGTTA_2,SeuratProject,5551,982,GSM6886537_Sigmoid_03T,4276,972,8,8,IgA+ Plasma cells,IgA+ Plasma cells_8,,GGACCGCCGTTA_2
AAAGGGTGGTCA_2,SeuratProject,4564,836,GSM6886537_Sigmoid_03T,4088,816,8,8,IgA+ Plasma cells,IgA+ Plasma cells_8,,AAAGGGTGGTCA_2
TTGGCCGACCCC_2,SeuratProject,5826,1226,GSM6886537_Sigmoid_03T,4333,1207,8,8,IgA+ Plasma cells,IgA+ Plasma cells_8,,TTGGCCGACCCC_2
CGTTTGCCTACG_2,SeuratProject,5007,1195,GSM6886537_Sigmoid_03T,4201,1172,8,8,IgA+ Plasma cells,IgA+ Plasma cells_8,,CGTTTGCCTACG_2
CAGATAGTTTTT_2,SeuratProject,4834,938,GSM6886537_Sigmoid_03T,4152,924,8,8,IgA+ Plasma cells,IgA+ Plasma cells_8,,CAGATAGTTTTT_2
ACCCCCCCATCA_2,SeuratProject,5379,732,GSM6886537_Sigmoid_03T,4195,721,8,8,IgA+ Plasma cells,IgA+ Plasma cells_8,,ACCCCCCCATCA_2
GACCCTAGCGAG_2,SeuratProject,4916,816,GSM6886537_Sigmoid_03T,4159,805,8,8,IgA+ Plasma cells,IgA+ Plasma cells_8,,GACCCTAGCGAG_2
GTGTTTGCGGTT_2,SeuratProject,5770,1364,GSM6886537_Sigmoid_03T,4345,1328,8,8,IgA+ Plasma cells,IgA+ Plasma cells_8,,GTGTTTGCGGTT_2
GGTAAGTCAATT_2,SeuratProject,4950,788,GSM6886537_Sigmoid_03T,4165,778,8,8,IgA+ Plasma cells,IgA+ Plasma cells_8,,GGTAAGTCAATT_2
TTCACGGCGTCT_2,SeuratProject,5277,1258,GSM6886537_Sigmoid_03T,4298,1243,8,8,IgA+ Plasma cells,IgA+ Plasma cells_8,,TTCACGGCGTCT_2
CTTGGGAGACAA_2,SeuratProject,5047,1014,GSM6886537_Sigmoid_03T,4190,992,8,8,IgA+ Plasma cells,IgA+ Plasma cells_8,,CTTGGGAGACAA_2
AGACGGACTACC_2,SeuratProject,4375,1059,GSM6886537_Sigmoid_03T,4066,1042,8,8,IgA+ Plasma cells,IgA+ Plasma cells_8,,AGACGGACTACC_2
ACAGCACTCTTC_2,SeuratProject,4801,741,GSM6886537_Sigmoid_03T,4135,730,8,8,IgA+ Plasma cells,IgA+ Plasma cells_8,,ACAGCACTCTTC_2
TAGTAATGATCT_2,SeuratProject,5089,772,GSM6886537_Sigmoid_03T,4184,758,8,8,IgA+ Plasma cells,IgA+ Plasma cells_8,,TAGTAATGATCT_2
GTCAACAAGCGT_2,SeuratProject,4537,803,GSM6886537_Sigmoid_03T,4105,786,8,8,IgA+ Plasma cells,IgA+ Plasma cells_8,,GTCAACAAGCGT_2
TGTGGCTGGCTT_2,SeuratProject,5160,1060,GSM6886537_Sigmoid_03T,4288,1033,8,8,IgA+ Plasma cells,IgA+ Plasma cells_8,,TGTGGCTGGCTT_2
TAAGCTAAAGAC_2,SeuratProject,5352,686,GSM6886537_Sigmoid_03T,4174,683,8,8,IgA+ Plasma cells,IgA+ Plasma cells_8,,TAAGCTAAAGAC_2
GTAGACATAACG_2,SeuratProject,4672,910,GSM6886537_Sigmoid_03T,4141,895,8,8,IgA+ Plasma cells,IgA+ Plasma cells_8,,GTAGACATAACG_2
TAATAATCAACG_2,SeuratProject,5318,1323,GSM6886537_Sigmoid_03T,4289,1303,8,8,IgA+ Plasma cells,IgA+ Plasma cells_8,,TAATAATCAACG_2
GGTAACATACCT_2,SeuratProject,5221,782,GSM6886537_Sigmoid_03T,4169,768,8,8,IgA+ Plasma cells,IgA+ Plasma cells_8,,GGTAACATACCT_2
GCAGCCGGCGTC_2,SeuratProject,4880,932,GSM6886537_Sigmoid_03T,4146,912,8,8,IgA+ Plasma cells,IgA+ Plasma cells_8,,GCAGCCGGCGTC_2
AATTCCGGATTC_2,SeuratProject,5394,990,GSM6886537_Sigmoid_03T,4247,975,8,8,IgA+ Plasma cells,IgA+ Plasma cells_8,,AATTCCGGATTC_2
TTCAACAGTAGC_2,SeuratProject,4976,860,GSM6886537_Sigmoid_03T,4190,850,8,8,IgA+ Plasma cells,IgA+ Plasma cells_8,,TTCAACAGTAGC_2
TGTAGCAGTAGA_2,SeuratProject,5204,1024,GSM6886537_Sigmoid_03T,4211,1002,8,8,IgA+ Plasma cells,IgA+ Plasma cells_8,,TGTAGCAGTAGA_2
ACCACGCGGGAT_2,SeuratProject,5182,896,GSM6886537_Sigmoid_03T,4186,875,8,8,IgA+ Plasma cells,IgA+ Plasma cells_8,,ACCACGCGGGAT_2
CGTGGTCACAAT_2,SeuratProject,4714,1043,GSM6886537_Sigmoid_03T,4162,1021,8,8,IgA+ Plasma cells,IgA+ Plasma cells_8,,CGTGGTCACAAT_2
CCGCCCAGTGCT_2,SeuratProject,5115,822,GSM6886537_Sigmoid_03T,4181,804,8,8,IgA+ Plasma cells,IgA+ Plasma cells_8,,CCGCCCAGTGCT_2
CGATACGTGTGG_2,SeuratProject,5090,1030,GSM6886537_Sigmoid_03T,4215,1015,8,8,IgA+ Plasma cells,IgA+ Plasma cells_8,,CGATACGTGTGG_2
GCTGGTGGGATG_2,SeuratProject,4859,1275,GSM6886537_Sigmoid_03T,4164,1250,8,8,IgA+ Plasma cells,IgA+ Plasma cells_8,,GCTGGTGGGATG_2
CTCCAATGTCGC_2,SeuratProject,4240,899,GSM6886537_Sigmoid_03T,4046,884,8,8,IgA+ Plasma cells,IgA+ Plasma cells_8,,CTCCAATGTCGC_2
CTGTTATGAAAC_2,SeuratProject,4420,826,GSM6886537_Sigmoid_03T,4070,815,8,8,IgA+ Plasma cells,IgA+ Plasma cells_8,,CTGTTATGAAAC_2
ATCCGCAGCATT_2,SeuratProject,4580,775,GSM6886537_Sigmoid_03T,4101,765,8,8,IgA+ Plasma cells,IgA+ Plasma cells_8,,ATCCGCAGCATT_2
TATGTACAAGCC_2,SeuratProject,4855,761,GSM6886537_Sigmoid_03T,4145,749,8,8,IgA+ Plasma cells,IgA+ Plasma cells_8,,TATGTACAAGCC_2
TTCATACCAAGC_2,SeuratProject,5087,1022,GSM6886537_Sigmoid_03T,4194,1000,8,8,IgA+ Plasma cells,IgA+ Plasma cells_8,,TTCATACCAAGC_2
GTCAGGGGTACC_2,SeuratProject,4037,780,GSM6886537_Sigmoid_03T,3963,764,8,8,IgA+ Plasma cells,IgA+ Plasma cells_8,,GTCAGGGGTACC_2
CCCGGACACGGC_2,SeuratProject,4863,800,GSM6886537_Sigmoid_03T,4144,786,8,8,IgA+ Plasma cells,IgA+ Plasma cells_8,,CCCGGACACGGC_2
ATGTTAGCTCCC_2,SeuratProject,4198,747,GSM6886537_Sigmoid_03T,4032,737,8,8,IgA+ Plasma cells,IgA+ Plasma cells_8,,ATGTTAGCTCCC_2
GCCCCTCCAGCT_2,SeuratProject,3969,695,GSM6886537_Sigmoid_03T,3944,682,8,8,IgA+ Plasma cells,IgA+ Plasma cells_8,,GCCCCTCCAGCT_2
CACCTGTTGCTC_2,SeuratProject,4780,526,GSM6886537_Sigmoid_03T,4113,522,8,8,IgA+ Plasma cells,IgA+ Plasma cells_8,,CACCTGTTGCTC_2
AGGGCATTCGTT_2,SeuratProject,4647,937,GSM6886537_Sigmoid_03T,4132,927,8,8,IgA+ Plasma cells,IgA+ Plasma cells_8,,AGGGCATTCGTT_2
CGGTTCTTACGT_2,SeuratProject,4550,837,GSM6886537_Sigmoid_03T,4065,821,8,8,IgA+ Plasma cells,IgA+ Plasma cells_8,,CGGTTCTTACGT_2
CAGCGTCTGCTG_2,SeuratProject,3874,725,GSM6886537_Sigmoid_03T,3905,712,8,8,IgA+ Plasma cells,IgA+ Plasma cells_8,,CAGCGTCTGCTG_2
AGTAGGTCTCTA_2,SeuratProject,4760,729,GSM6886537_Sigmoid_03T,4167,722,8,8,IgA+ Plasma cells,IgA+ Plasma cells_8,,AGTAGGTCTCTA_2
GGTATCGGTTGT_2,SeuratProject,3867,862,GSM6886537_Sigmoid_03T,3892,849,8,8,IgA+ Plasma cells,IgA+ Plasma cells_8,,GGTATCGGTTGT_2
GTAACCCGGTCG_2,SeuratProject,4048,1016,GSM6886537_Sigmoid_03T,3970,998,8,8,IgA+ Plasma cells,IgA+ Plasma cells_8,,GTAACCCGGTCG_2
AGGTTTTTCTCG_2,SeuratProject,4029,680,GSM6886537_Sigmoid_03T,3972,673,8,8,IgA+ Plasma cells,IgA+ Plasma cells_8,,AGGTTTTTCTCG_2
AAACAAACGGTA_2,SeuratProject,3970,816,GSM6886537_Sigmoid_03T,3901,796,8,8,IgA+ Plasma cells,IgA+ Plasma cells_8,,AAACAAACGGTA_2
TAGTGCGAAAAA_2,SeuratProject,4349,909,GSM6886537_Sigmoid_03T,4065,891,8,8,IgA+ Plasma cells,IgA+ Plasma cells_8,,TAGTGCGAAAAA_2
TGCGTCGCATTC_2,SeuratProject,4524,657,GSM6886537_Sigmoid_03T,4077,653,8,8,IgA+ Plasma cells,IgA+ Plasma cells_8,,TGCGTCGCATTC_2
GTGATATTCCTG_2,SeuratProject,4465,679,GSM6886537_Sigmoid_03T,4002,666,8,8,IgA+ Plasma cells,IgA+ Plasma cells_8,,GTGATATTCCTG_2
TTTTGTAGTACT_2,SeuratProject,3899,796,GSM6886537_Sigmoid_03T,3900,774,8,8,IgA+ Plasma cells,IgA+ Plasma cells_8,,TTTTGTAGTACT_2
TTCTGTGTATAA_2,SeuratProject,4081,969,GSM6886537_Sigmoid_03T,3991,944,8,8,IgA+ Plasma cells,IgA+ Plasma cells_8,,TTCTGTGTATAA_2
GACCCCTGCATT_2,SeuratProject,4444,535,GSM6886537_Sigmoid_03T,4051,520,8,8,IgA+ Plasma cells,IgA+ Plasma cells_8,,GACCCCTGCATT_2
CGCTGGCTCTGA_2,SeuratProject,4362,747,GSM6886537_Sigmoid_03T,4065,736,8,8,IgA+ Plasma cells,IgA+ Plasma cells_8,,CGCTGGCTCTGA_2
CCCCGCTTTACA_2,SeuratProject,4632,765,GSM6886537_Sigmoid_03T,4130,756,8,8,IgA+ Plasma cells,IgA+ Plasma cells_8,,CCCCGCTTTACA_2
GAGCGTGATTTA_2,SeuratProject,3733,864,GSM6886537_Sigmoid_03T,3816,841,8,8,IgA+ Plasma cells,IgA+ Plasma cells_8,,GAGCGTGATTTA_2
GGTAGGGGCTGG_2,SeuratProject,4427,810,GSM6886537_Sigmoid_03T,4063,798,8,8,IgA+ Plasma cells,IgA+ Plasma cells_8,,GGTAGGGGCTGG_2
ATCAAAATTAAA_2,SeuratProject,4205,831,GSM6886537_Sigmoid_03T,4018,816,8,8,IgA+ Plasma cells,IgA+ Plasma cells_8,,ATCAAAATTAAA_2
GAGCAAAGACTC_2,SeuratProject,4472,522,GSM6886537_Sigmoid_03T,4080,512,8,8,IgA+ Plasma cells,IgA+ Plasma cells_8,,GAGCAAAGACTC_2
CGAAAAGAACTT_2,SeuratProject,4025,672,GSM6886537_Sigmoid_03T,3948,657,8,8,IgA+ Plasma cells,IgA+ Plasma cells_8,,CGAAAAGAACTT_2
TTGCCCTTCAAC_2,SeuratProject,4268,768,GSM6886537_Sigmoid_03T,4025,747,8,8,IgA+ Plasma cells,IgA+ Plasma cells_8,,TTGCCCTTCAAC_2
TGCTTTCAGAGG_2,SeuratProject,4109,817,GSM6886537_Sigmoid_03T,3985,798,8,8,IgA+ Plasma cells,IgA+ Plasma cells_8,,TGCTTTCAGAGG_2
AATGCCTGAGGC_2,SeuratProject,4165,1082,GSM6886537_Sigmoid_03T,4024,1065,8,8,IgA+ Plasma cells,IgA+ Plasma cells_8,,AATGCCTGAGGC_2
GTCCCAGGGGTC_2,SeuratProject,3345,800,GSM6886537_Sigmoid_03T,3737,788,8,8,IgA+ Plasma cells,IgA+ Plasma cells_8,,GTCCCAGGGGTC_2
GTCTCTTAGAAG_2,SeuratProject,3779,580,GSM6886537_Sigmoid_03T,3875,573,8,8,IgA+ Plasma cells,IgA+ Plasma cells_8,,GTCTCTTAGAAG_2
CCACTTATGGGG_2,SeuratProject,4032,858,GSM6886537_Sigmoid_03T,3974,843,8,8,IgA+ Plasma cells,IgA+ Plasma cells_8,,CCACTTATGGGG_2
GTCCGTACTTGT_2,SeuratProject,4378,832,GSM6886537_Sigmoid_03T,4068,816,8,8,IgA+ Plasma cells,IgA+ Plasma cells_8,,GTCCGTACTTGT_2
GCTCTAGTGACT_2,SeuratProject,4401,1263,GSM6886537_Sigmoid_03T,4097,1238,8,8,IgA+ Plasma cells,IgA+ Plasma cells_8,,GCTCTAGTGACT_2
TAAGACTTGTTC_2,SeuratProject,4190,565,GSM6886537_Sigmoid_03T,4000,559,8,8,IgA+ Plasma cells,IgA+ Plasma cells_8,,TAAGACTTGTTC_2
AGATGTTTATGA_2,SeuratProject,3516,631,GSM6886537_Sigmoid_03T,3817,622,8,8,IgA+ Plasma cells,IgA+ Plasma cells_8,,AGATGTTTATGA_2
TACAGGGAGGCT_2,SeuratProject,3474,763,GSM6886537_Sigmoid_03T,3779,744,8,8,IgA+ Plasma cells,IgA+ Plasma cells_8,,TACAGGGAGGCT_2
ATGTTCACGTTA_2,SeuratProject,3370,713,GSM6886537_Sigmoid_03T,3339,702,8,8,IgA+ Plasma cells,IgA+ Plasma cells_8,,ATGTTCACGTTA_2
GAGCCAACACAT_2,SeuratProject,4053,967,GSM6886537_Sigmoid_03T,3978,943,8,8,IgA+ Plasma cells,IgA+ Plasma cells_8,,GAGCCAACACAT_2
GCCATTTCCTTC_2,SeuratProject,3939,1211,GSM6886537_Sigmoid_03T,3914,1187,8,8,IgA+ Plasma cells,IgA+ Plasma cells_8,,GCCATTTCCTTC_2
ACAGTAGCTACA_2,SeuratProject,3475,670,GSM6886537_Sigmoid_03T,3788,651,8,8,IgA+ Plasma cells,IgA+ Plasma cells_8,,ACAGTAGCTACA_2
TCATGGCCCCTT_2,SeuratProject,3437,724,GSM6886537_Sigmoid_03T,3775,711,8,8,IgA+ Plasma cells,IgA+ Plasma cells_8,,TCATGGCCCCTT_2
GCTCTTAGCCTT_2,SeuratProject,3416,731,GSM6886537_Sigmoid_03T,3784,716,8,8,IgA+ Plasma cells,IgA+ Plasma cells_8,,GCTCTTAGCCTT_2
TTGTAACTCGAA_2,SeuratProject,3249,565,GSM6886537_Sigmoid_03T,3713,553,8,8,IgA+ Plasma cells,IgA+ Plasma cells_8,,TTGTAACTCGAA_2
CCGCGCGCCGGG_2,SeuratProject,2988,624,GSM6886537_Sigmoid_03T,3682,615,8,8,IgA+ Plasma cells,IgA+ Plasma cells_8,,CCGCGCGCCGGG_2
TTGGACGGGAAA_2,SeuratProject,3198,511,GSM6886537_Sigmoid_03T,3760,506,8,8,IgA+ Plasma cells,IgA+ Plasma cells_8,,TTGGACGGGAAA_2
GCCTTCTTTACG_2,SeuratProject,3564,722,GSM6886537_Sigmoid_03T,3817,708,8,8,IgA+ Plasma cells,IgA+ Plasma cells_8,,GCCTTCTTTACG_2
GATCGGCACCTT_2,SeuratProject,3193,678,GSM6886537_Sigmoid_03T,3715,663,8,8,IgA+ Plasma cells,IgA+ Plasma cells_8,,GATCGGCACCTT_2
AAGTCCAGCATT_2,SeuratProject,3452,732,GSM6886537_Sigmoid_03T,3801,724,8,8,IgA+ Plasma cells,IgA+ Plasma cells_8,,AAGTCCAGCATT_2
AGCCAACCCGAC_2,SeuratProject,2794,580,GSM6886537_Sigmoid_03T,3603,570,8,8,IgA+ Plasma cells,IgA+ Plasma cells_8,,AGCCAACCCGAC_2
GAGTCCGGCTAG_2,SeuratProject,2950,786,GSM6886537_Sigmoid_03T,3635,770,8,8,IgA+ Plasma cells,IgA+ Plasma cells_8,,GAGTCCGGCTAG_2
TGAAAAGTGTGG_2,SeuratProject,3107,561,GSM6886537_Sigmoid_03T,3729,551,8,8,IgA+ Plasma cells,IgA+ Plasma cells_8,,TGAAAAGTGTGG_2
ATTGATAAAGTG_2,SeuratProject,2990,628,GSM6886537_Sigmoid_03T,3675,619,8,8,IgA+ Plasma cells,IgA+ Plasma cells_8,,ATTGATAAAGTG_2
GGCGAGTTTAGA_2,SeuratProject,3338,515,GSM6886537_Sigmoid_03T,3765,508,8,8,IgA+ Plasma cells,IgA+ Plasma cells_8,,GGCGAGTTTAGA_2
AAACTACGTTTA_2,SeuratProject,3528,538,GSM6886537_Sigmoid_03T,3838,529,8,8,IgA+ Plasma cells,IgA+ Plasma cells_8,,AAACTACGTTTA_2
GTCGAAAGTTTA_2,SeuratProject,3286,657,GSM6886537_Sigmoid_03T,3748,642,8,8,IgA+ Plasma cells,IgA+ Plasma cells_8,,GTCGAAAGTTTA_2
TGCGTGATAGGT_2,SeuratProject,3112,880,GSM6886537_Sigmoid_03T,3600,868,8,8,IgA+ Plasma cells,IgA+ Plasma cells_8,,TGCGTGATAGGT_2
AAATGGGGCGGT_2,SeuratProject,3302,773,GSM6886537_Sigmoid_03T,3736,761,8,8,IgA+ Plasma cells,IgA+ Plasma cells_8,,AAATGGGGCGGT_2
TTTTAGTATTTC_2,SeuratProject,3274,807,GSM6886537_Sigmoid_03T,3706,789,8,8,IgA+ Plasma cells,IgA+ Plasma cells_8,,TTTTAGTATTTC_2
CCGTGATTGTTA_2,SeuratProject,3213,542,GSM6886537_Sigmoid_03T,3773,536,8,8,IgA+ Plasma cells,IgA+ Plasma cells_8,,CCGTGATTGTTA_2
ACACTGACTCGT_2,SeuratProject,3272,546,GSM6886537_Sigmoid_03T,3775,534,8,8,IgA+ Plasma cells,IgA+ Plasma cells_8,,ACACTGACTCGT_2
GGTGTACCTCAT_2,SeuratProject,3277,991,GSM6886537_Sigmoid_03T,3662,978,27,27,IgA+ Plasma cells,IgA+ Plasma cells_27,,GGTGTACCTCAT_2
AAGTCATCAAGA_2,SeuratProject,2655,497,GSM6886537_Sigmoid_03T,3629,492,8,8,IgA+ Plasma cells,IgA+ Plasma cells_8,,AAGTCATCAAGA_2
GTGCTCCCGATA_2,SeuratProject,3198,452,GSM6886537_Sigmoid_03T,3758,440,8,8,IgA+ Plasma cells,IgA+ Plasma cells_8,,GTGCTCCCGATA_2
GGACCGTTTTAG_2,SeuratProject,2933,663,GSM6886537_Sigmoid_03T,3673,647,8,8,IgA+ Plasma cells,IgA+ Plasma cells_8,,GGACCGTTTTAG_2
GAGCGGCCTATC_2,SeuratProject,2954,701,GSM6886537_Sigmoid_03T,3687,689,8,8,IgA+ Plasma cells,IgA+ Plasma cells_8,,GAGCGGCCTATC_2
CTTGGCCACTCA_2,SeuratProject,3388,685,GSM6886537_Sigmoid_03T,3789,676,8,8,IgA+ Plasma cells,IgA+ Plasma cells_8,,CTTGGCCACTCA_2
CGACCCGCCCCA_2,SeuratProject,3208,568,GSM6886537_Sigmoid_03T,3737,566,8,8,IgA+ Plasma cells,IgA+ Plasma cells_8,,CGACCCGCCCCA_2
CATACCCCACCG_2,SeuratProject,3009,616,GSM6886537_Sigmoid_03T,3710,605,8,8,IgA+ Plasma cells,IgA+ Plasma cells_8,,CATACCCCACCG_2
TGCAACATAATA_2,SeuratProject,3336,688,GSM6886537_Sigmoid_03T,3770,678,8,8,IgA+ Plasma cells,IgA+ Plasma cells_8,,TGCAACATAATA_2
TCCCTCTAACAG_2,SeuratProject,3149,583,GSM6886537_Sigmoid_03T,3744,574,8,8,IgA+ Plasma cells,IgA+ Plasma cells_8,,TCCCTCTAACAG_2
ATCTTACGTTAC_2,SeuratProject,2930,609,GSM6886537_Sigmoid_03T,3678,595,8,8,IgA+ Plasma cells,IgA+ Plasma cells_8,,ATCTTACGTTAC_2
AACTCGTCGTAC_2,SeuratProject,3217,666,GSM6886537_Sigmoid_03T,3749,659,8,8,IgA+ Plasma cells,IgA+ Plasma cells_8,,AACTCGTCGTAC_2
AAAGTCCAGCCG_2,SeuratProject,3085,580,GSM6886537_Sigmoid_03T,3728,571,8,8,IgA+ Plasma cells,IgA+ Plasma cells_8,,AAAGTCCAGCCG_2
CGGTCCAAATGT_2,SeuratProject,2539,604,GSM6886537_Sigmoid_03T,3500,595,8,8,IgA+ Plasma cells,IgA+ Plasma cells_8,,CGGTCCAAATGT_2
AACATACATAGA_2,SeuratProject,3008,868,GSM6886537_Sigmoid_03T,3618,849,8,8,IgA+ Plasma cells,IgA+ Plasma cells_8,,AACATACATAGA_2
CAAAACCCCGAA_2,SeuratProject,3050,606,GSM6886537_Sigmoid_03T,3640,596,8,8,IgA+ Plasma cells,IgA+ Plasma cells_8,,CAAAACCCCGAA_2
TCATCATGGCTT_2,SeuratProject,2882,408,GSM6886537_Sigmoid_03T,3682,397,8,8,IgA+ Plasma cells,IgA+ Plasma cells_8,,TCATCATGGCTT_2
CATCGAGGCCAT_2,SeuratProject,3107,558,GSM6886537_Sigmoid_03T,3724,553,8,8,IgA+ Plasma cells,IgA+ Plasma cells_8,,CATCGAGGCCAT_2
ACGCCGCGTTTT_2,SeuratProject,3013,411,GSM6886537_Sigmoid_03T,3733,405,8,8,IgA+ Plasma cells,IgA+ Plasma cells_8,,ACGCCGCGTTTT_2
CTCTCCACGGCA_2,SeuratProject,3241,864,GSM6886537_Sigmoid_03T,3689,841,8,8,IgA+ Plasma cells,IgA+ Plasma cells_8,,CTCTCCACGGCA_2
GTCGAAGTCGTC_2,SeuratProject,3099,551,GSM6886537_Sigmoid_03T,3745,542,8,8,IgA+ Plasma cells,IgA+ Plasma cells_8,,GTCGAAGTCGTC_2
ATGTCCCCACTT_2,SeuratProject,2612,541,GSM6886537_Sigmoid_03T,3621,530,8,8,IgA+ Plasma cells,IgA+ Plasma cells_8,,ATGTCCCCACTT_2
AATTGTCCGGTT_2,SeuratProject,2811,542,GSM6886537_Sigmoid_03T,3631,530,8,8,IgA+ Plasma cells,IgA+ Plasma cells_8,,AATTGTCCGGTT_2
CACTTACTTGCT_2,SeuratProject,3100,567,GSM6886537_Sigmoid_03T,3715,560,8,8,IgA+ Plasma cells,IgA+ Plasma cells_8,,CACTTACTTGCT_2
AGGAGTCCTCAA_2,SeuratProject,2939,664,GSM6886537_Sigmoid_03T,3669,655,8,8,IgA+ Plasma cells,IgA+ Plasma cells_8,,AGGAGTCCTCAA_2
CACTACTATGAA_2,SeuratProject,2812,849,GSM6886537_Sigmoid_03T,3567,828,8,8,IgA+ Plasma cells,IgA+ Plasma cells_8,,CACTACTATGAA_2
GCAATCTCCTAC_2,SeuratProject,2844,672,GSM6886537_Sigmoid_03T,3659,666,8,8,IgA+ Plasma cells,IgA+ Plasma cells_8,,GCAATCTCCTAC_2
CGGGAGATGCTT_2,SeuratProject,2684,561,GSM6886537_Sigmoid_03T,3555,552,8,8,IgA+ Plasma cells,IgA+ Plasma cells_8,,CGGGAGATGCTT_2
TTTTAGTCACTG_2,SeuratProject,2397,483,GSM6886537_Sigmoid_03T,3585,475,8,8,IgA+ Plasma cells,IgA+ Plasma cells_8,,TTTTAGTCACTG_2
TTACCTTAGATA_2,SeuratProject,2549,519,GSM6886537_Sigmoid_03T,3584,509,8,8,IgA+ Plasma cells,IgA+ Plasma cells_8,,TTACCTTAGATA_2
GTCGCATGCCAT_2,SeuratProject,3006,757,GSM6886537_Sigmoid_03T,3628,745,8,8,IgA+ Plasma cells,IgA+ Plasma cells_8,,GTCGCATGCCAT_2
GCCAATGCCTAA_2,SeuratProject,2829,507,GSM6886537_Sigmoid_03T,3663,498,8,8,IgA+ Plasma cells,IgA+ Plasma cells_8,,GCCAATGCCTAA_2
GCACTGCAACAG_2,SeuratProject,2910,508,GSM6886537_Sigmoid_03T,3714,502,8,8,IgA+ Plasma cells,IgA+ Plasma cells_8,,GCACTGCAACAG_2
ACGTGAAAGCCA_2,SeuratProject,2736,532,GSM6886537_Sigmoid_03T,3672,530,8,8,IgA+ Plasma cells,IgA+ Plasma cells_8,,ACGTGAAAGCCA_2
AGTACCAATCCC_2,SeuratProject,2648,445,GSM6886537_Sigmoid_03T,3647,435,8,8,IgA+ Plasma cells,IgA+ Plasma cells_8,,AGTACCAATCCC_2
AGATGCAAAAGG_2,SeuratProject,2782,458,GSM6886537_Sigmoid_03T,3670,453,8,8,IgA+ Plasma cells,IgA+ Plasma cells_8,,AGATGCAAAAGG_2
ACTCGGACTTTA_2,SeuratProject,2798,589,GSM6886537_Sigmoid_03T,3648,580,8,8,IgA+ Plasma cells,IgA+ Plasma cells_8,,ACTCGGACTTTA_2
CTACAAACTCCT_2,SeuratProject,2904,543,GSM6886537_Sigmoid_03T,3655,529,8,8,IgA+ Plasma cells,IgA+ Plasma cells_8,,CTACAAACTCCT_2
GTTCTCATGATT_2,SeuratProject,2742,391,GSM6886537_Sigmoid_03T,3642,385,8,8,IgA+ Plasma cells,IgA+ Plasma cells_8,,GTTCTCATGATT_2
TGACCTACGTGC_2,SeuratProject,2739,633,GSM6886537_Sigmoid_03T,3623,616,8,8,IgA+ Plasma cells,IgA+ Plasma cells_8,,TGACCTACGTGC_2
TCACAATTAATA_2,SeuratProject,2581,451,GSM6886537_Sigmoid_03T,3658,443,8,8,IgA+ Plasma cells,IgA+ Plasma cells_8,,TCACAATTAATA_2
TGTACTCGCCGA_2,SeuratProject,2354,418,GSM6886537_Sigmoid_03T,3541,414,8,8,IgA+ Plasma cells,IgA+ Plasma cells_8,,TGTACTCGCCGA_2
CATGATACGTTG_2,SeuratProject,2591,666,GSM6886537_Sigmoid_03T,3605,658,8,8,IgA+ Plasma cells,IgA+ Plasma cells_8,,CATGATACGTTG_2
GACATTTAATAC_2,SeuratProject,2710,796,GSM6886537_Sigmoid_03T,3604,785,8,8,IgA+ Plasma cells,IgA+ Plasma cells_8,,GACATTTAATAC_2
TGAGGTCAAAAA_2,SeuratProject,2674,431,GSM6886537_Sigmoid_03T,3700,428,8,8,IgA+ Plasma cells,IgA+ Plasma cells_8,,TGAGGTCAAAAA_2
CTTAGTTGATAA_2,SeuratProject,2785,842,GSM6886537_Sigmoid_03T,3641,830,8,8,IgA+ Plasma cells,IgA+ Plasma cells_8,,CTTAGTTGATAA_2
TCTTTAATACGA_2,SeuratProject,2547,617,GSM6886537_Sigmoid_03T,3532,603,8,8,IgA+ Plasma cells,IgA+ Plasma cells_8,,TCTTTAATACGA_2
ACTCTGATGTTA_2,SeuratProject,2784,643,GSM6886537_Sigmoid_03T,3581,629,8,8,IgA+ Plasma cells,IgA+ Plasma cells_8,,ACTCTGATGTTA_2
AAAGACTGCTCC_2,SeuratProject,2717,533,GSM6886537_Sigmoid_03T,3656,521,8,8,IgA+ Plasma cells,IgA+ Plasma cells_8,,AAAGACTGCTCC_2
CATGGTAATTCC_2,SeuratProject,2336,457,GSM6886537_Sigmoid_03T,3601,449,8,8,IgA+ Plasma cells,IgA+ Plasma cells_8,,CATGGTAATTCC_2
CTAAATAAGCAA_2,SeuratProject,2282,567,GSM6886537_Sigmoid_03T,3508,557,8,8,IgA+ Plasma cells,IgA+ Plasma cells_8,,CTAAATAAGCAA_2
GTCTCCGGCACC_2,SeuratProject,2336,583,GSM6886537_Sigmoid_03T,3558,577,8,8,IgA+ Plasma cells,IgA+ Plasma cells_8,,GTCTCCGGCACC_2
GATGCTAGAATA_2,SeuratProject,2538,625,GSM6886537_Sigmoid_03T,3580,612,8,8,IgA+ Plasma cells,IgA+ Plasma cells_8,,GATGCTAGAATA_2
GCTCCCTAATTT_2,SeuratProject,2203,426,GSM6886537_Sigmoid_03T,3553,419,8,8,IgA+ Plasma cells,IgA+ Plasma cells_8,,GCTCCCTAATTT_2
GGACAAGTAGCC_2,SeuratProject,2487,441,GSM6886537_Sigmoid_03T,3655,435,8,8,IgA+ Plasma cells,IgA+ Plasma cells_8,,GGACAAGTAGCC_2
ACACACCCTTTA_2,SeuratProject,2511,685,GSM6886537_Sigmoid_03T,3576,674,8,8,IgA+ Plasma cells,IgA+ Plasma cells_8,,ACACACCCTTTA_2
TCCTTCAAGGTG_2,SeuratProject,2253,446,GSM6886537_Sigmoid_03T,3591,440,8,8,IgA+ Plasma cells,IgA+ Plasma cells_8,,TCCTTCAAGGTG_2
CGCGGGGCATAT_2,SeuratProject,2163,541,GSM6886537_Sigmoid_03T,3535,533,8,8,IgA+ Plasma cells,IgA+ Plasma cells_8,,CGCGGGGCATAT_2
AGTGATTCCAAT_2,SeuratProject,2336,586,GSM6886537_Sigmoid_03T,3542,572,8,8,IgA+ Plasma cells,IgA+ Plasma cells_8,,AGTGATTCCAAT_2
GTTTTCATGAAG_2,SeuratProject,2492,501,GSM6886537_Sigmoid_03T,3548,492,8,8,IgA+ Plasma cells,IgA+ Plasma cells_8,,GTTTTCATGAAG_2
CTTCCTGCCCCT_2,SeuratProject,1942,288,GSM6886537_Sigmoid_03T,3568,300,8,8,IgA+ Plasma cells,IgA+ Plasma cells_8,,CTTCCTGCCCCT_2
CCGACACAGGCA_2,SeuratProject,2125,484,GSM6886537_Sigmoid_03T,3546,480,8,8,IgA+ Plasma cells,IgA+ Plasma cells_8,,CCGACACAGGCA_2
AACGGATAGGAG_2,SeuratProject,2384,683,GSM6886537_Sigmoid_03T,3517,670,8,8,IgA+ Plasma cells,IgA+ Plasma cells_8,,AACGGATAGGAG_2
GTACCGGCGATA_2,SeuratProject,2372,433,GSM6886537_Sigmoid_03T,3592,424,8,8,IgA+ Plasma cells,IgA+ Plasma cells_8,,GTACCGGCGATA_2
GTGCAGGTCGTC_2,SeuratProject,2018,628,GSM6886537_Sigmoid_03T,3564,620,8,8,IgA+ Plasma cells,IgA+ Plasma cells_8,,GTGCAGGTCGTC_2
CCCAATCTGACA_2,SeuratProject,2199,432,GSM6886537_Sigmoid_03T,3575,431,8,8,IgA+ Plasma cells,IgA+ Plasma cells_8,,CCCAATCTGACA_2
GACACCACTATA_2,SeuratProject,2147,431,GSM6886537_Sigmoid_03T,3523,435,8,8,IgA+ Plasma cells,IgA+ Plasma cells_8,,GACACCACTATA_2
CGTCGGTCAGAT_2,SeuratProject,2306,661,GSM6886537_Sigmoid_03T,3507,652,8,8,IgA+ Plasma cells,IgA+ Plasma cells_8,,CGTCGGTCAGAT_2
GCTACGACGACA_2,SeuratProject,2312,548,GSM6886537_Sigmoid_03T,3558,541,8,8,IgA+ Plasma cells,IgA+ Plasma cells_8,,GCTACGACGACA_2
CTTTCGGGAGGC_2,SeuratProject,2187,519,GSM6886537_Sigmoid_03T,3572,511,8,8,IgA+ Plasma cells,IgA+ Plasma cells_8,,CTTTCGGGAGGC_2
GAGTCTTTCAGG_2,SeuratProject,2155,687,GSM6886537_Sigmoid_03T,3464,676,8,8,IgA+ Plasma cells,IgA+ Plasma cells_8,,GAGTCTTTCAGG_2
CATAGAATTCCG_2,SeuratProject,2316,761,GSM6886537_Sigmoid_03T,3411,753,8,8,IgA+ Plasma cells,IgA+ Plasma cells_8,,CATAGAATTCCG_2
ATCGTCGTTTGA_2,SeuratProject,2145,615,GSM6886537_Sigmoid_03T,3666,608,8,8,IgA+ Plasma cells,IgA+ Plasma cells_8,,ATCGTCGTTTGA_2
TCGAATAATCTG_2,SeuratProject,2157,593,GSM6886537_Sigmoid_03T,3499,587,8,8,IgA+ Plasma cells,IgA+ Plasma cells_8,,TCGAATAATCTG_2
AAACTGGAGCAA_2,SeuratProject,2126,536,GSM6886537_Sigmoid_03T,3553,534,8,8,IgA+ Plasma cells,IgA+ Plasma cells_8,,AAACTGGAGCAA_2
TTCGATCACATC_2,SeuratProject,2218,933,GSM6886537_Sigmoid_03T,3365,917,8,8,IgA+ Plasma cells,IgA+ Plasma cells_8,,TTCGATCACATC_2
GCACCTCTGAAT_2,SeuratProject,2157,473,GSM6886537_Sigmoid_03T,3466,468,8,8,IgA+ Plasma cells,IgA+ Plasma cells_8,,GCACCTCTGAAT_2
TCAATCACTAAT_2,SeuratProject,2132,627,GSM6886537_Sigmoid_03T,3478,623,8,8,IgA+ Plasma cells,IgA+ Plasma cells_8,,TCAATCACTAAT_2
GACTATCCTGGT_2,SeuratProject,2097,736,GSM6886537_Sigmoid_03T,3490,721,8,8,IgA+ Plasma cells,IgA+ Plasma cells_8,,GACTATCCTGGT_2
CTGCACTCACAC_2,SeuratProject,2031,352,GSM6886537_Sigmoid_03T,3584,357,8,8,IgA+ Plasma cells,IgA+ Plasma cells_8,,CTGCACTCACAC_2
TTCAAAGTTGTT_2,SeuratProject,1790,481,GSM6886537_Sigmoid_03T,3404,492,8,8,IgA+ Plasma cells,IgA+ Plasma cells_8,,TTCAAAGTTGTT_2
TTACACGATATT_2,SeuratProject,2053,762,GSM6886537_Sigmoid_03T,3419,739,8,8,IgA+ Plasma cells,IgA+ Plasma cells_8,,TTACACGATATT_2
CAATGGAAGAGT_2,SeuratProject,2073,652,GSM6886537_Sigmoid_03T,3573,647,8,8,IgA+ Plasma cells,IgA+ Plasma cells_8,,CAATGGAAGAGT_2
AGACACCAAACG_2,SeuratProject,1985,593,GSM6886537_Sigmoid_03T,3505,588,8,8,IgA+ Plasma cells,IgA+ Plasma cells_8,,AGACACCAAACG_2
TACGCTACCGTC_2,SeuratProject,2003,311,GSM6886537_Sigmoid_03T,3570,319,8,8,IgA+ Plasma cells,IgA+ Plasma cells_8,,TACGCTACCGTC_2
